Product_Title,Price,Shop_Name,URL,Image_Url,Product_Code,Category_Id
MICROPACK M103 BLACK OPTICAL USB MOUSE,250,RYANS,https://ryanscomputers.com/detail/micropack-m103-black-optical-usb-mouse,https://ryanscomputers.com/storage/products/small/micropack-m103-black-optical-usb-11543305255.jpg,1,1
MICROPACK M101 BLACK OPTICAL USB MOUSE,290,RYANS,https://ryanscomputers.com/detail/micropack-m101-black-optical-usb-mouse,https://ryanscomputers.com/storage/products/small/micropack-m101-black-optical-usb-11543306270.jpg,1,1
A4 TECH OP-730D 2X CLICK WIRED MOUSE,299,RYANS,https://ryanscomputers.com/detail/a4-tech-op-730d-2x-click-wired-mouse,https://ryanscomputers.com/storage/products/small/a4-tech-op-730d-2x-click-wired-11563624149.png,1,1
A4 TECH OP-620D USB OPTICAL MOUSE,300,RYANS,https://ryanscomputers.com/detail/a4-tech-op-620d-usb-optical-mouse,https://ryanscomputers.com/storage/products/small/a4-tech-op-620d-usb-optical-11543306626.jpg,1,1
DELL MS116 OPTICAL USB MOUSE,300,RYANS,https://ryanscomputers.com/detail/dell-ms116-optical-usb-mouse,https://ryanscomputers.com/storage/products/small/dell-ms116-optical-usb-11552996311.jpg,1,1
PROLINK PMC1006 USB OPTICAL BLACK MOUSE,300,RYANS,https://ryanscomputers.com/detail/prolink-pmc1006-usb-optical-black-mouse,https://ryanscomputers.com/storage/products/small/prolink-pmc1006-usb-optical-black-11557818125.png,1,1
PROLINK PMC1006 USB OPTICAL BLACK+GOLD MOUSE,300,RYANS,https://ryanscomputers.com/detail/prolink-pmc1006-usb-optical-blackgold-mouse,https://ryanscomputers.com/storage/products/small/prolink-pmc1006-usb-optical-blackgold-11557818237.png,1,1
TRONIX I2 BLACK WIRED MOUSE,300,RYANS,https://ryanscomputers.com/detail/tronix-i2-black-wired-mouse,https://ryanscomputers.com/storage/products/small/tronix-i2-black-wired-11564981267.jpg,1,1
TRONIX I1 BLACK WIRELESS MOUSE,300,RYANS,https://ryanscomputers.com/detail/tronix-i1-black-wireless-mouse,https://ryanscomputers.com/storage/products/small/tronix-i1-black-wireless-11564980288.jpg,1,1
HAVIT HV-MS623GT WIRELESS BLACK MOUSE,350,RYANS,https://ryanscomputers.com/detail/havit-hv-ms623gt-wireless-black-mouse,https://ryanscomputers.com/storage/products/small/havit-hv-ms623gt-wireless-black-11576562747.jpg,1,1
HAVIT HV-MS981GT WIRELESS BLACK & BLUE MOUSE,350,RYANS,https://ryanscomputers.com/detail/havit-hv-ms981gt-wireless-black--blue-mouse,https://ryanscomputers.com/storage/products/small/havit-hv-ms981gt-wireless-black-blue-11569218390.jpg,1,1
HAVIT MS1003 RGB OPTICAL BLACK GAMING MOUSE,350,RYANS,https://ryanscomputers.com/detail/havit-ms1003-rgb-optical-black-gaming-mouse,https://ryanscomputers.com/storage/products/small/havit-ms1003-rgb-optical-black-gaming-11556775565.jpg,1,1
RAPOO N100 USB OPTICAL BLACK MOUSE,350,RYANS,https://ryanscomputers.com/detail/rapoo-n100-usb-optical-black-mouse,https://ryanscomputers.com/storage/products/small/rapoo-n100-usb-optical-black-21561379366.png,1,1
RAPOO N200 USB OPTICAL BLACK MOUSE,350,RYANS,https://ryanscomputers.com/detail/rapoo-n200-usb-optical-black-mouse,https://ryanscomputers.com/storage/products/small/rapoo-n200-usb-optical-black-11561379505.png,1,1
A4 TECH FM10 FSTYLER USB BLACK-BLUE OPTICAL MOUSE,350,RYANS,https://ryanscomputers.com/detail/a4-tech-fm10-fstyler-usb-black-blue-optical-mouse,https://ryanscomputers.com/storage/products/small/a4-tech-fm10-fstyler-usb-black-blue-optical-11564218099.jpg,1,1
LENOVO 300 WIRED USB MOUSE #GX30M39704,350,RYANS,https://ryanscomputers.com/detail/lenovo-300-wired-usb-mouse-gx30m39704,https://ryanscomputers.com/storage/products/small/lenovo-300-wired-usb-mouse-11566104916.jpg,1,1
MICROPACK MP-216 BLACK RAINBOW BREATHING LED USB M ...,360,RYANS,https://ryanscomputers.com/detail/micropack-mp-216-black-rainbow-breathing-led-usb-mouse,https://ryanscomputers.com/storage/products/small/micropack-mp-216-black-rainbow-breathing-led-usb-11543308017.jpg,1,1
A4 TECH OP-550NU USB OPTICAL MOUSE,375,RYANS,https://ryanscomputers.com/detail/a4-tech-op-550nu-usb-optical-mouse,https://ryanscomputers.com/storage/products/small/a4-tech-op-550nu-usb-optical-11543305057.jpg,1,1
LOGITECH B100 OPTICAL USB MOUSE,400,RYANS,https://ryanscomputers.com/detail/logitech-b100-optical-usb-mouse,https://ryanscomputers.com/storage/products/small/logitech-b100-optical-usb-11543307466.jpg,1,1
LOGITECH M90 USB MOUSE,400,RYANS,https://ryanscomputers.com/detail/logitech-m90-usb-mouse,https://ryanscomputers.com/storage/products/small/logitech-m90-usb-11550302515.jpg,1,1
A4 TECH FM10 FSTYLER USB BLACK-ORANGE OPTICAL MOUS ...,400,RYANS,https://ryanscomputers.com/detail/a4-tech-fm10-fstyler-usb-black-orange-optical-mouse,https://ryanscomputers.com/storage/products/small/a4-tech-fm10-fstyler-usb-black-orange-optical-11564215266.jpg,1,1
HAVIT MS882GT WIRELESS BLACK OPTICAL MOUSE,400,RYANS,https://ryanscomputers.com/detail/havit-ms882gt-wireless-black-optical-mouse,https://ryanscomputers.com/storage/products/small/havit-ms882gt-wireless-black-optical-11567425183.png,1,1
HAVIT MS882GT WIRELESS BLACK + GREY OPTICAL MOUSE,400,RYANS,https://ryanscomputers.com/detail/havit-ms882gt-wireless-black--grey-optical-mouse,https://ryanscomputers.com/storage/products/small/havit-ms882gt-wireless-black-grey-optical-11567425378.png,1,1
HAVIT MS66GT WIRELESS BLACK MOUSE,400,RYANS,https://ryanscomputers.com/detail/havit-ms66gt-wireless-black-mouse,https://ryanscomputers.com/storage/products/small/havit-ms66gt-wireless-black-11574079731.jpg,1,1
MICROPACK M106 BLACK OPTICAL USB MOUSE,400,RYANS,https://ryanscomputers.com/detail/micropack-m106-black-optical-usb-mouse,https://ryanscomputers.com/storage/products/small/micropack-m106-black-optical-usb-31581851275.jpg,1,1
MICROPACK MP-716W BLACK WIRELESS MOUSE,425,RYANS,https://ryanscomputers.com/detail/micropack-mp-716w-black-wireless-mouse,https://ryanscomputers.com/storage/products/small/micropack-mp-716w-black-wireless-11543309019.jpg,1,1
HAVIT MS1009 RGB BACKLIT USB BLACK WIRED GAMING MO ...,450,RYANS,https://ryanscomputers.com/detail/havit-ms1009-rgb-backlit-usb-black-wired-gaming-mouse,https://ryanscomputers.com/storage/products/small/havit-ms1009-rgb-backlit-usb-black-wired-gaming-11581241552.jpg,1,1
MOTOSPEED G370 WIRELESS PINK MOUSE,500,RYANS,https://ryanscomputers.com/detail/motospeed-g370-wireless-pink-mouse,https://ryanscomputers.com/storage/products/small/motospeed-g370-wireless-pink-11574253686.jpg,1,1
A4 TECH N-70FX OPTICAL MOUSE,550,RYANS,https://ryanscomputers.com/detail/a4-tech-n-70fx-optical-mouse,https://ryanscomputers.com/storage/products/small/a4-tech-n-70fx-optical-11543310372.jpg,1,1
A4 TECH G3-280/280N WIRELESS MOUSE,550,RYANS,https://ryanscomputers.com/detail/a4-tech-g3-280280n-wireless-mouse,https://ryanscomputers.com/storage/products/small/a4-tech-g3-280280n-wireless-11543311797.jpg,1,1
A4 TECH G3-200/200N BLACK & ORANGE WIRELESS MOUSE,550,RYANS,https://ryanscomputers.com/detail/a4-tech-g3-200200n-black--orange-wireless-mouse,https://ryanscomputers.com/storage/products/small/a4-tech-g3-200200n-black-orange-wireless-11543315789.jpg,1,1
HAVIT MS997GT WIRELESS GAMING OPTICAL MOUSE,550,RYANS,https://ryanscomputers.com/detail/havit-ms997gt-wireless-gaming-optical-mouse,https://ryanscomputers.com/storage/products/small/havit-ms997gt-gaming-optical-11562228715.png,1,1
MICROPACK MP-795W 6D BLACK WIRELESS MOUSE,550,RYANS,https://ryanscomputers.com/detail/micropack-mp-795w-6d-black-wireless-mouse,https://ryanscomputers.com/storage/products/small/micropack-mp-795w-6d-black-wireless-11563604480.png,1,1
TRONIX I3 BLACK WIRELESS MOUSE,550,RYANS,https://ryanscomputers.com/detail/tronix-i3-black-wireless-mouse,https://ryanscomputers.com/storage/products/small/tronix-i3-black-wireless-11564982050.jpg,1,1
MOTOSPEED G11 WIRELESS BLACK OPTICAL MOUSE,550,RYANS,https://ryanscomputers.com/detail/motospeed-g11-wireless-black-optical-mouse,https://ryanscomputers.com/storage/products/small/motospeed-g11-wireless-black-optical-11574229377.jpg,1,1
MOTOSPEED G12 WIRELESS BLACK MOUSE,550,RYANS,https://ryanscomputers.com/detail/motospeed-g12-wireless-black-mouse,https://ryanscomputers.com/storage/products/small/motospeed-g12-wireless-black-11574230708.jpg,1,1
HAVIT MS749 USB GAMING MOUSE,575,RYANS,https://ryanscomputers.com/detail/havit-ms749-usb-gaming-mouse,https://ryanscomputers.com/storage/products/small/havit-ms749-usb-gaming-11543319730.jpg,1,1
HAVIT MS877 RGB BACKLIT BLACK GAMING MOUSE,575,RYANS,https://ryanscomputers.com/detail/havit-ms877-rgb-backlit-black-gaming-mouse,https://ryanscomputers.com/storage/products/small/havit-ms877-rgb-backlit-black-gaming-11561530868.png,1,1
A4 TECH G3-200/200N BLACK WIRELESS MOUSE,600,RYANS,https://ryanscomputers.com/detail/a4-tech-g3-200200n-black-wireless-mouse,https://ryanscomputers.com/storage/products/small/a4-tech-g3-200200n-black-wireless-11547906223.jpg,1,1
CROWN MICRO CMM-956W WIRELESS MOUSE,600,RYANS,https://ryanscomputers.com/detail/crown-micro-cmm-956w-wireless-mouse,https://ryanscomputers.com/storage/products/small/crown-micro-cmm-956w-wireless-21543375838.jpg,1,1
RAPOO M10 WIRELESS OPTICAL WHITE MOUSE,600,RYANS,https://ryanscomputers.com/detail/rapoo-m10-wireless-optical-white-mouse,https://ryanscomputers.com/storage/products/small/rapoo-m10-wireless-optical-white-11561293474.png,1,1
HAVIT MS1006 RGB BLACK WIRED GAMING MOUSE,600,RYANS,https://ryanscomputers.com/detail/havit-ms1006-rgb-black-wired-gaming-mouse,https://ryanscomputers.com/storage/products/small/havit-ms1006-rgb-black-wired-gaming-11574079391.jpg,1,1
A4 TECH FG10 BLACK-BLUE WIRELESS MOUSE,600,RYANS,https://ryanscomputers.com/detail/a4-tech-fg10-black-blue-wireless-mouse,https://ryanscomputers.com/storage/products/small/a4-tech-fg10-black-blue-wireless-41578728578.jpg,1,1
RAPOO 1620 WIRELESS OPTICAL BLACK MOUSE,650,RYANS,https://ryanscomputers.com/detail/rapoo-1620-wireless-optical-black-mouse,https://ryanscomputers.com/storage/products/small/rapoo-1620-wireless-optical-black-11560663359.png,1,1
TRONIX I5 BLACK WIRELESS MOUSE,650,RYANS,https://ryanscomputers.com/detail/tronix-i5-black-wireless-mouse,https://ryanscomputers.com/storage/products/small/tronix-i5-black-wireless-11564984052.jpg,1,1
CROWN MICRO CMM-936W WIRELESS MOUSE,700,RYANS,https://ryanscomputers.com/detail/crown-micro-cmm-936w-wireless-mouse,https://ryanscomputers.com/storage/products/small/crown-micro-cmm-936w-wireless-21543377651.jpg,1,1
CROWN MICRO CMM-961W WIRELESS MOUSE,700,RYANS,https://ryanscomputers.com/detail/crown-micro-cmm-961w-wireless-mouse,https://ryanscomputers.com/storage/products/small/crown-micro-cmm-961w-wireless-21543378010.jpg,1,1
TRONIX I7 BLACK+RUBBER WIRELESS MOUSE,700,RYANS,https://ryanscomputers.com/detail/tronix-i7-blackrubber-wireless-mouse,https://ryanscomputers.com/storage/products/small/tronix-i7-blackrubber-wireless-31578976731.png,1,1
LENOVO N100 WIRELESS MOUSE,700,RYANS,https://ryanscomputers.com/detail/lenovo-n100-wireless-mouse,https://ryanscomputers.com/storage/products/small/lenovo-n100-wireless-11565345204.jpg,1,1
MICROPACK BT-751C BLACK RECHARGEABLE WIRELESS MOUS ...,750,RYANS,https://ryanscomputers.com/detail/micropack-bt-751c-black-rechargeable-wireless-mouse,https://ryanscomputers.com/storage/products/small/micropack-bt-751c-black-rechargeable-wireless-11543379141.jpg,1,1
TRONIX I9 BLACK+RUBBER WIRELESS MOUSE,750,RYANS,https://ryanscomputers.com/detail/tronix-i9-blackrubber-wireless-mouse,https://ryanscomputers.com/storage/products/small/tronix-i9-blackrubber-wireless-11564986760.jpg,1,1
HAVIT MS1001 RGB BACKLIT BLACK WIRED GAMING MOUSE,750,RYANS,https://ryanscomputers.com/detail/havit-ms1001-rgb-backlit-black-wired-gaming-mouse,https://ryanscomputers.com/storage/products/small/havit-ms1001-rgb-backlit-black-wired-gaming-11574079197.jpg,1,1
HP X3000 WIRELESS BLACK MOUSE (H2C22AA),800,RYANS,https://ryanscomputers.com/detail/hp-x3000-wireless-black-mouse-h2c22aa,https://ryanscomputers.com/storage/products/small/hp-x3000-wireless-black-mouse-11543379438.jpg,1,1
HAVIT HV-MS1002 RGB BACKLIT BLACK GAMING MOUSE,800,RYANS,https://ryanscomputers.com/detail/havit-hv-ms1002-rgb-backlit-black-gaming-mouse,https://ryanscomputers.com/storage/products/small/havit-hv-ms1002-rgb-backlit-programmable-black-21561380638.png,1,1
MICROPACK G850 6-BUTTON 3200DPI BLACK OPTICAL GAMI ...,800,RYANS,https://ryanscomputers.com/detail/micropack-g850-6-button-3200dpi-black-optical-gaming-mouse,https://ryanscomputers.com/storage/products/small/micropack-g850-6-button-3200dpi-black-optical-11563623722.png,1,1
HP Z3700 BLUE WIRELESS MOUSE,820,RYANS,https://ryanscomputers.com/detail/hp-z3700-blue-wireless-mouse,https://ryanscomputers.com/storage/products/small/hp-z3700-blue-wireless-21543323354.jpg,1,1
LOGITECH M170 WIRELESS MOUSE,850,RYANS,https://ryanscomputers.com/detail/logitech-m170-wireless-mouse,https://ryanscomputers.com/storage/products/small/logitech-m170-wireless-11543378164.jpg,1,1
HP 200 BLACK WIRELESS MOUSE (X6W31AA),850,RYANS,https://ryanscomputers.com/detail/hp-200-black-wireless-mouse-x6w31aa,https://ryanscomputers.com/storage/products/small/hp-200-black-wireless-mouse-11543381650.jpg,1,1
RAPOO V12 WIRED BLACK OPTICAL GAMING MOUSE,850,RYANS,https://ryanscomputers.com/detail/rapoo-v12-wired-black-optical-gaming-mouse,https://ryanscomputers.com/storage/products/small/rapoo-v12-wired-black-optical-gaming-11561381454.jpg,1,1
RAPOO 1090P BLUE WIRELESS MOUSE,875,RYANS,https://ryanscomputers.com/detail/rapoo-1090p-blue-wireless-mouse,https://ryanscomputers.com/storage/products/small/rapoo-1090p-blue-wireless-11543381887.jpg,1,1
LOGITECH M171 BLUE WIRELESS MOUSE,900,RYANS,https://ryanscomputers.com/detail/logitech-m171-blue-wireless-mouse,https://ryanscomputers.com/storage/products/small/logitech-m171-blue-wireless-11543378592.jpg,1,1
LOGITECH M171 GREY WIRELESS MOUSE,900,RYANS,https://ryanscomputers.com/detail/logitech-m171-grey-wireless-mouse,https://ryanscomputers.com/storage/products/small/logitech-m171-grey-wireless-11550304448.jpg,1,1
LOGITECH M171 RED WIRELESS MOUSE,900,RYANS,https://ryanscomputers.com/detail/logitech-m171-red-wireless-mouse,https://ryanscomputers.com/storage/products/small/logitech-m171-red-wireless-11550305944.jpg,1,1
HP 200 EMPRESS RED WIRELESS MOUSE(2HU82AA),900,RYANS,https://ryanscomputers.com/detail/hp-200-empress-red-wireless-mouse2hu82aa,https://ryanscomputers.com/storage/products/small/hp-200-empress-red-wireless-11543382568.jpg,1,1
RAPOO 3360 WIRELESS OPTICAL BLUE MOUSE,900,RYANS,https://ryanscomputers.com/detail/rapoo-3360-wireless-optical-blue-mouse,https://ryanscomputers.com/storage/products/small/rapoo-3360-wireless-optical-blue-11570268192.jpg,1,1
CROWN MICRO CMM-918W WIRELESS MOUSE,900,RYANS,https://ryanscomputers.com/detail/crown-micro-cmm-918w-wireless-mouse,https://ryanscomputers.com/storage/products/small/crown-micro-cmm-918w-wireless-11543386720.jpg,1,1
LOGITECH B170 BLACK WIRELESS MOUSE,900,RYANS,https://ryanscomputers.com/detail/logitech-b170-black-wireless-mouse,https://ryanscomputers.com/storage/products/small/logitech-b170-black-wireless-11563263345.png,1,1
LOGITECH B175 GRAY WIRELESS MOUSE #910-002635,925,RYANS,https://ryanscomputers.com/detail/logitech-b175-gray-wireless-mouse-910-002635,https://ryanscomputers.com/storage/products/small/logitech-b175-gray-wireless-mouse-11551001090.jpg,1,1
RAPOO 7200P WIRELESS OPTICAL RED MOUSE,950,RYANS,https://ryanscomputers.com/detail/rapoo-7200p-wireless-optical-red-mouse,https://ryanscomputers.com/storage/products/small/rapoo-7200p-wireless-optical-red-11561378841.png,1,1
RAPOO 7200P WIRELESS OPTICAL WHITE MOUSE,950,RYANS,https://ryanscomputers.com/detail/rapoo-7200p-wireless-optical-white-mouse,https://ryanscomputers.com/storage/products/small/rapoo-7200p-wireless-optical-white-21561378989.png,1,1
RAPOO 3600 SILENT CLICK WIRELESS OPTICAL BLACK MOU ...,950,RYANS,https://ryanscomputers.com/detail/rapoo-3600-silent-click-wireless-optical-black-mouse,https://ryanscomputers.com/storage/products/small/rapoo-3600-silent-click-wireless-optical-black-11561379227.png,1,1
RAPOO V16 WIRED BLACK OPTICAL GAMING MOUSE,950,RYANS,https://ryanscomputers.com/detail/rapoo-v16-wired-black-optical-gaming-mouse,https://ryanscomputers.com/storage/products/small/rapoo-v16-wired-black-optical-gaming-31561380061.png,1,1
LOGITECH M185 WIRELESS SWIFT GRAY MOUSE,990,RYANS,https://ryanscomputers.com/detail/logitech-m185-wireless-swift-gray-mouse,https://ryanscomputers.com/storage/products/small/logitech-m185-wireless-swift-gray-11543383540.jpg,1,1
LOGITECH M187 WHITE WIRELESS MOUSE,990,RYANS,https://ryanscomputers.com/detail/logitech-m187-white-wireless-mouse,https://ryanscomputers.com/storage/products/small/logitech-m187-white-wireless-11543383798.jpg,1,1
LOGITECH M185 BLUE WIRELESS MOUSE,990,RYANS,https://ryanscomputers.com/detail/logitech-m185-blue-wireless-mouse,https://ryanscomputers.com/storage/products/small/logitech-m185-blue-wireless-11543384004.jpg,1,1
LOGITECH M187 BLACK WIRELESS MOUSE,990,RYANS,https://ryanscomputers.com/detail/logitech-m187-black-wireless-mouse,https://ryanscomputers.com/storage/products/small/logitech-m187-black-wireless-11543394074.jpg,1,1
LOGITECH M185 RED WIRELESS MOUSE,990,RYANS,https://ryanscomputers.com/detail/logitech-m185-red-wireless-mouse,https://ryanscomputers.com/storage/products/small/logitech-m185-red-wireless-11576326277.jpg,1,1
RAPOO M100 MULTI MODE SILENT BLUETOOTH RED MOUSE,1000,RYANS,https://ryanscomputers.com/detail/rapoo-m100-multi-mode-silent-bluetooth-red-mouse,https://ryanscomputers.com/storage/products/small/rapoo-m100-multi-mode-silent-bluetooth-red-21561293853.png,1,1
RAPOO 3100P WIRELESS OPTICAL BLACK MOUSE,1050,RYANS,https://ryanscomputers.com/detail/rapoo-3100p-wireless-optical-black-mouse,https://ryanscomputers.com/storage/products/small/rapoo-3100p-wireless-optical-black-31561977639.png,1,1
RAPOO 3000P WIRELESS OPTICAL BLACK MOUSE,1050,RYANS,https://ryanscomputers.com/detail/rapoo-3000p-wireless-optical-black-mouse,https://ryanscomputers.com/storage/products/small/rapoo-3000p-wireless-optical-black-11563703635.png,1,1
LOGITECH M221 SILENT BLUE WIRELESS MOUSE,1150,RYANS,https://ryanscomputers.com/detail/logitech-m221-silent-blue-wireless-mouse,https://ryanscomputers.com/storage/products/small/logitech-m221-silent-blue-wireless-11543393291.jpg,1,1
LOGITECH M221 SILENT RED WIRELESS MOUSE,1150,RYANS,https://ryanscomputers.com/detail/logitech-m221-silent-red-wireless-mouse,https://ryanscomputers.com/storage/products/small/logitech-m221-silent-red-wireless-11543393619.jpg,1,1
LOGITECH M221 SILENT GRAY WIRELESS MOUSE,1150,RYANS,https://ryanscomputers.com/detail/logitech-m221-silent-gray-wireless-mouse,https://ryanscomputers.com/storage/products/small/logitech-m221-silent-gray-wireless-11543393824.jpg,1,1
LOGITECH M235 BLUE WIRELESS MOUSE,1250,RYANS,https://ryanscomputers.com/detail/logitech-m235-blue-wireless-mouse,https://ryanscomputers.com/storage/products/small/logitech-m235-blue-wireless-11543321985.jpg,1,1
LOGITECH M235 GRAY WIRELESS MOUSE,1250,RYANS,https://ryanscomputers.com/detail/logitech-m235-gray-wireless-mouse,https://ryanscomputers.com/storage/products/small/logitech-m235-gray-wireless-21543322118.jpg,1,1
LOGITECH M238 SPAIN FLAG WIRELESS MOUSE,1250,RYANS,https://ryanscomputers.com/detail/logitech-m238-spain-flag-wireless-mouse,https://ryanscomputers.com/storage/products/small/logitech-m238-spain-flag-wireless-21543322525.jpg,1,1
LOGITECH M238 BRAZIL FLAG WIRELESS MOUSE,1250,RYANS,https://ryanscomputers.com/detail/logitech-m238-brazil-flag-wireless-mouse,https://ryanscomputers.com/storage/products/small/logitech-m238-brazil-flag-wireless-21543322782.jpg,1,1
LOGITECH M238 ARGENTINA FLAG WIRELESS MOUSE,1250,RYANS,https://ryanscomputers.com/detail/logitech-m238-argentina-flag-wireless-mouse,https://ryanscomputers.com/storage/products/small/logitech-m238-argentina-flag-wireless-21543322955.jpg,1,1
MOTOSPEED V40 WIRED BLACK GAMING MOUSE,1300,RYANS,https://ryanscomputers.com/detail/motospeed-v40-wired-black-gaming-mouse,https://ryanscomputers.com/storage/products/small/motospeed-v40-wired-black-gaming-61577520544.jpg,1,1
HAVIT HV-MS762 PROGRAMMABLE GAMING MOUSE,1450,RYANS,https://ryanscomputers.com/detail/havit-hv-ms762-programmable-gaming-mouse,https://ryanscomputers.com/storage/products/small/havit-hv-ms762-programmable-gaming-21543321096.jpg,1,1
RAPOO 3510 PLUS WIRELESS OPTICAL BLACK MOUSE,1450,RYANS,https://ryanscomputers.com/detail/rapoo-3510-plus-wireless-optical-black-mouse,https://ryanscomputers.com/storage/products/small/rapoo-3510-plus-wireless-optical-black-21561378289.png,1,1
RAPOO 3510 PLUS WIRELESS OPTICAL GREY MOUSE,1450,RYANS,https://ryanscomputers.com/detail/rapoo-3510-plus-wireless-optical-grey-mouse,https://ryanscomputers.com/storage/products/small/rapoo-3510-plus-wireless-optical-grey-21561378677.png,1,1
RAPOO M300 MULTI MODE SILENT BLUETOOTH LIGHT BLUE ...,1475,RYANS,https://ryanscomputers.com/detail/rapoo-m300-multi-mode-silent-bluetooth-light-blue-mouse,https://ryanscomputers.com/storage/products/small/rapoo-m300-multi-mode-silent-bluetooth-light-blue-21561371380.png,1,1
THERMALTAKE TALON BLU MO-TLB-WDOOBK-01 WIRED BLACK ...,1500,RYANS,https://ryanscomputers.com/detail/thermaltake-talon-blu-mo-tlb-wdoobk-01-wired-black-gaming-mouse,https://ryanscomputers.com/storage/products/small/thermaltake-talon-blu-mo-tlb-wdoobk-01-wired-21543320939.jpg,1,1
A4 TECH BLOODY Q80 NEON X GLIDE GAMING MOUSE,1500,RYANS,https://ryanscomputers.com/detail/a4-tech-bloody-q80-neon-x-glide-gaming-mouse,https://ryanscomputers.com/storage/products/small/a4-tech-bloody-q80-neon-x-glide-gaming-11543321450.jpg,1,1
THERMALTAKE TALON WIRED BLACK GAMING MOUSE #MO-TLN ...,1500,RYANS,https://ryanscomputers.com/detail/thermaltake-talon-wired-black-gaming-mouse-mo-tln-wdoobk-01,https://ryanscomputers.com/storage/products/small/thermaltake-talon-wired-black-gaming-mouse-11568552457.jpg,1,1
MOTOSPEED V30 RGB BACKLIT WIRED BLACK GAMING MOUSE,1500,RYANS,https://ryanscomputers.com/detail/motospeed-v30-rgb-backlit-wired-black-gaming-mouse,https://ryanscomputers.com/storage/products/small/motospeed-v30-rgb-backlit-wired-black-gaming-11574314469.jpg,1,1
RAPOO V210 WIRED BLACK OPTICAL GAMING MOUSE,1550,RYANS,https://ryanscomputers.com/detail/rapoo-v210-wired-black-optical-gaming-mouse,https://ryanscomputers.com/storage/products/small/rapoo-v210-wired-black-optical-gaming-21561536525.jpg,1,1
CORSAIR HARPOON RGB GAMING MOUSE,1600,RYANS,https://ryanscomputers.com/detail/corsair-harpoon-rgb-gaming-mouse,https://ryanscomputers.com/storage/products/small/corsair-harpoon-rgb-gaming-11543319645.jpg,1,1
RAPOO MT6610S MULTI MODE BLUETOOTH GRAY MOUSE,1650,RYANS,https://ryanscomputers.com/detail/rapoo-mt6610s-multi-mode-bluetooth-gray-mouse,https://ryanscomputers.com/storage/products/small/rapoo-mt6610s-multi-mode-bluetooth-gray-11562228880.png,1,1
RAPOO M600 MULTI MODE SILENT BLUETOOTH BLACK MOUSE,1650,RYANS,https://ryanscomputers.com/detail/rapoo-m600-multi-mode-silent-bluetooth-black-mouse,https://ryanscomputers.com/storage/products/small/rapoo-m600-multi-mode-silent-bluetooth-black-11564488250.jpg,1,1
A4 TECH BLOODY A91 GAMING MOUSE,1700,RYANS,https://ryanscomputers.com/detail/a4-tech-bloody-a91-gaming-mouse,https://ryanscomputers.com/storage/products/small/a4-tech-bloody-a91-gaming-21543320116.jpg,1,1
A4 TECH Q5081S NEON X GLIDE Q50 GAMING MOUSE & S81 ...,1700,RYANS,https://ryanscomputers.com/detail/a4-tech-q5081s-neon-x-glide-q50-gaming-mouse--s81-mouse-pad,https://ryanscomputers.com/storage/products/small/a4-tech-q5081s-neon-x-glide-q50-gaming-mouse-11543321207.jpg,1,1
A4 TECH BLOODY V3M GAMING MOUSE,1700,RYANS,https://ryanscomputers.com/detail/a4-tech-bloody-v3m-gaming-mouse,https://ryanscomputers.com/storage/products/small/a4-tech-bloody-v3m-gaming-21543321342.jpg,1,1
GIGABYTE AORUS M2 GAMING MOUSE,1700,RYANS,https://ryanscomputers.com/detail/gigabyte-aorus-m2-gaming-mouse,https://ryanscomputers.com/storage/products/small/gigabyte-aorus-m2-gaming-11575710934.jpg,1,1
A4 TECH Q8181S NEON X GLIDE GAMING Q81 MOUSE & S81 ...,1800,RYANS,https://ryanscomputers.com/detail/a4-tech-q8181s-neon-x-glide-gaming-q81-mouse--s81-mouse-pad,https://ryanscomputers.com/storage/products/small/a4-tech-q8181s-neon-x-glide-gaming-q81-mouse-11543320691.jpg,1,1
THERMALTAKE TALON V2 WIRED BLACK OPTICAL GAMING MO ...,1800,RYANS,https://ryanscomputers.com/detail/thermaltake-talon-v2-wired-black-optical-gaming-mouse-mo-tln-wdotbk-01,https://ryanscomputers.com/storage/products/small/thermaltake-talon-v2-wired-black-optical-gaming-11562937693.png,1,1
MOTOSPEED V70-3320 RGB BACKLIT WIRED BLACK GAMING ...,1800,RYANS,https://ryanscomputers.com/detail/motospeed-v70-3320-rgb-backlit-wired-black-gaming-mouse,https://ryanscomputers.com/storage/products/small/motospeed-v70-3320-rgb-backlit-wired-black-gaming-11574314797.jpg,1,1
LOGITECH G102 PRODIGY GAMING MOUSE (910-004846),1900,RYANS,https://ryanscomputers.com/detail/logitech-g102-prodigy-gaming-mouse-910-004846,https://ryanscomputers.com/storage/products/small/logitech-g102-prodigy-gaming-mouse-11550306431.jpg,1,1
COOLER MASTER CM110 WIRED GAMING MOUSE #CM-110-KKW ...,2000,RYANS,https://ryanscomputers.com/detail/cooler-master-cm110-wired-gaming-mouse-cm-110-kkwo1,https://ryanscomputers.com/storage/products/small/cooler-master-cm110-wired-gaming-mouse-11571742727.jpg,1,1
A4TECH J90 BLOODY 2 FIRE RGB ANIMATION GAMING MOUS ...,2050,RYANS,https://ryanscomputers.com/detail/a4tech-j90-bloody-2-fire-rgb-animation-gaming-mouse,https://ryanscomputers.com/storage/products/small/a4tech-j90-bloody-2-fire-rgb-animation-gaming-11550310387.jpg,1,1
RAPOO V280 WIRED BLACK OPTICAL GAMING MOUSE,2050,RYANS,https://ryanscomputers.com/detail/rapoo-v280-wired-black-optical-gaming-mouse,https://ryanscomputers.com/storage/products/small/rapoo-v280-wired-black-optical-gaming-21561379859.png,1,1
A4 TECH BLOODY P91 RGB GAMING MOUSE,2100,RYANS,https://ryanscomputers.com/detail/a4-tech-bloody-p91-rgb-gaming-mouse,https://ryanscomputers.com/storage/products/small/a4-tech-bloody-p91-rgb-gaming-11572526193.jpg,1,1
RAPOO MT550 MULTI MODE BLUETOOTH BLACK MOUSE,2150,RYANS,https://ryanscomputers.com/detail/rapoo-mt550-multi-mode-bluetooth-black-mouse,https://ryanscomputers.com/storage/products/small/rapoo-mt550-rechargeable-multi-mode-bluetooth-31561371189.png,1,1
MOTOSPEED V100 RGB WIRED BLACK GAMING MOUSE,2150,RYANS,https://ryanscomputers.com/detail/motospeed-v100-rgb-wired-black-gaming-mouse,https://ryanscomputers.com/storage/products/small/motospeed-v100-rgb-wired-black-gaming-11574313977.jpg,1,1
GIGABYTE AORUS M4 MATTE BLACK WIRED GAMING MOUSE,2250,RYANS,https://ryanscomputers.com/detail/gigabyte-aorus-m4-matte-black-wired-gaming-mouse,https://ryanscomputers.com/storage/products/small/gigabyte-aorus-m4-matte-black-wired-gaming-11581331671.jpg,1,1
LOGITECH M337 BLACK BLUETOOTH MOUSE,2500,RYANS,https://ryanscomputers.com/detail/logitech-m337-black-bluetooth-mouse,https://ryanscomputers.com/storage/products/small/logitech-m337-black-bluetooth-11547906579.jpg,1,1
THERMALTAKE TALON ELITE RGB GAMING MOUSE,2500,RYANS,https://ryanscomputers.com/detail/thermaltake-talon-elite-rgb-gaming-mouse,https://ryanscomputers.com/storage/products/small/thermaltake-talon-elite-rgb-gaming-21543319273.jpg,1,1
LOGITECH M337 BLUE BLUETOOTH MOUSE,2500,RYANS,https://ryanscomputers.com/detail/logitech-m337-blue-bluetooth-mouse,https://ryanscomputers.com/storage/products/small/logitech-m337-blue-bluetooth-21543319901.jpg,1,1
LOGITECH M337 RED BLUETOOTH MOUSE,2500,RYANS,https://ryanscomputers.com/detail/logitech-m337-red-bluetooth-mouse,https://ryanscomputers.com/storage/products/small/logitech-m337-red-bluetooth-21562228535.png,1,1
MOTOSPEED V70-3360 RGB BACKLIT WIRED BLACK GAMING ...,2500,RYANS,https://ryanscomputers.com/detail/motospeed-v70-3360-rgb-backlit-wired-black-gaming-mouse,https://ryanscomputers.com/storage/products/small/motospeed-v70-3360-rgb-backlit-wired-black-gaming-11574315602.jpg,1,1
RAPOO VT300 RGB ESPORT IR OPTICAL WIRED BLACK GAMI ...,2650,RYANS,https://ryanscomputers.com/detail/rapoo-vt300-rgb-esport-ir-optical-wired-black-gaming-mouse,https://ryanscomputers.com/storage/products/small/rapoo-vt300-rgb-esport-ir-optical-wired-black-21561379651.png,1,1
LOGITECH G302 MOBA DAEDALUS PRIME GAMING MOUSE (91 ...,2990,RYANS,https://ryanscomputers.com/detail/logitech-g302-moba-daedalus-prime-gaming-mouse-910-004210,https://ryanscomputers.com/storage/products/small/logitech-g302-moba-daedalus-prime-gaming-mouse-11561622965.png,1,1
THERMALTAKE IRIS RGB OPTICAL GAMING MOUSE,3000,RYANS,https://ryanscomputers.com/detail/thermaltake-iris-rgb-optical-gaming-mouse,https://ryanscomputers.com/storage/products/small/thermaltake-iris-rgb-optical-gaming-mouse-11556017938.jpg,1,1
RAPOO T8 WIRELESS BLACK MOUSE,3150,RYANS,https://ryanscomputers.com/detail/rapoo-t8-wireless-black-mouse,https://ryanscomputers.com/storage/products/small/rapoo-t8-wireless-black-31561378014.png,1,1
LOGITECH G402 GAMING MOUSE,3500,RYANS,https://ryanscomputers.com/detail/logitech-g402-gaming-mouse,https://ryanscomputers.com/storage/products/small/logitech-g402-gaming-21543318980.jpg,1,1
LENOVO N700 BLACK WIRELESS (DUAL MODE) TOUCH MOUSE ...,3800,RYANS,https://ryanscomputers.com/detail/lenovo-n700-black-wireless-dual-mode-touch-mouse-888015450,https://ryanscomputers.com/storage/products/small/lenovo-n700-black-wireless-dual-mode-touch-11566105545.jpg,1,1
COOLER MASTER SENTINEL III RGB GAMING MOUSE #SGM-6 ...,4100,RYANS,https://ryanscomputers.com/detail/cooler-master-sentinel-iii-rgb-gaming-mouse-sgm-6020-klow1,https://ryanscomputers.com/storage/products/small/cooler-master-sentinel-iii-rgb-gaming-mouse-11550306954.jpg,1,1
STEELSERIES RIVAL 110 MATTE BLACK GAMING MOUSE,4300,RYANS,https://ryanscomputers.com/detail/steelseries-rival-110-matte-black-gaming-mouse,https://ryanscomputers.com/storage/products/small/steelseries-rival-110-matte-black-gaming-11550306784.jpg,1,1
STEELSERIES RIVAL 300S WIRED BLACK GAMING MOUSE,4750,RYANS,https://ryanscomputers.com/detail/steelseries-rival-300s-wired-black-gaming-mouse,https://ryanscomputers.com/storage/products/small/steelseries-rival-300s-wired-black-gaming-11575189672.jpg,1,1
LOGITECH MX ANYWHERE 2S MULTI-DEVICE GRAPHITE WIRE ...,5700,RYANS,https://ryanscomputers.com/detail/logitech-mx-anywhere-2s-multi-device-graphite-wireless-mouse-910-005156,https://ryanscomputers.com/storage/products/small/logitech-mx-anywhere-2s-multi-device-graphite-11564310059.jpg,1,1
CORSAIR IRONCLAW RGB FPS/MOBA WIRED BLACK (AP) GAM ...,5900,RYANS,https://ryanscomputers.com/detail/corsair-ironclaw-rgb-fpsmoba-wired-black-ap-gaming-mouse-ch-9307011-ap,https://ryanscomputers.com/storage/products/small/corsair-ironclaw-rgb-fpsmoba-wired-black-ap-11567424651.png,1,1
HP STEELSERIES OMEN MOUSE,6000,RYANS,https://ryanscomputers.com/detail/hp-steelseries-omen-mouse,https://ryanscomputers.com/storage/products/small/hp-steelseries-omen-31543318507.jpg,1,1
CORSAIR GLAIVE RGB PRO WIRED BLACK (AP) GAMING MOU ...,6500,RYANS,https://ryanscomputers.com/detail/corsair-glaive-rgb-pro-wired-black-ap-gaming-mouse-ch-9302211-ap,https://ryanscomputers.com/storage/products/small/corsair-glaive-rgb-pro-wired-black-ap-gaming-11567424278.png,1,1
CORSAIR GLAIVE RGB PRO WIRED ALUMINUM (AP) GAMING ...,6500,RYANS,https://ryanscomputers.com/detail/corsair-glaive-rgb-pro-wired-aluminum-ap-gaming-mouse-ch-9302311-ap,https://ryanscomputers.com/storage/products/small/corsair-glaive-rgb-pro-wired-aluminum-ap-gaming-11567424450.png,1,1
BENQ ZOWIE FK2 USB BLACK GAMING MOUSE,6800,RYANS,https://ryanscomputers.com/detail/benq-zowie-fk2-usb-black-gaming-mouse,https://ryanscomputers.com/storage/products/small/benq-zowie-fk2-usb-black-gaming-51580372932.jpg,1,1
BENQ ZOWIE FK1 USB BLACK GAMING MOUSE,6800,RYANS,https://ryanscomputers.com/detail/benq-zowie-fk1-usb-black-gaming-mouse,https://ryanscomputers.com/storage/products/small/benq-zowie-fk1-usb-black-gaming-21580378245.jpg,1,1
STEELSERIES SENSEI 310 AMBIDEXTROUS WIRED BLACK GA ...,7650,RYANS,https://ryanscomputers.com/detail/steelseries-sensei-310-ambidextrous-wired-black-gaming-mouse,https://ryanscomputers.com/storage/products/small/steelseries-sensei-310-ambidextrous-wired-black-11575710629.jpg,1,1
STEELSERIES RIVAL 310 ERGONOMIC BLACK GAMING MOUSE,7750,RYANS,https://ryanscomputers.com/detail/steelseries-rival-310-ergonomic-black-gaming-mouse,https://ryanscomputers.com/storage/products/small/steelseries-rival-310-ergonomic-black-gaming-11550307165.jpg,1,1
BENQ ZOWIE S2 USB BLACK GAMING MOUSE,7800,RYANS,https://ryanscomputers.com/detail/benq-zowie-s2-usb-black-gaming-mouse,https://ryanscomputers.com/storage/products/small/benq-zowie-s2-usb-black-gaming-71580377360.jpg,1,1
BENQ ZOWIE EC1 WIRED BLACK GAMING MOUSE,7800,RYANS,https://ryanscomputers.com/detail/benq-zowie-ec1-wired-black-gaming-mouse,https://ryanscomputers.com/storage/products/small/benq-zowie-ec1-wired-black-gaming-61580372140.jpg,1,1
BENQ ZOWIE EC2 WIRED BLACK GAMING MOUSE,7800,RYANS,https://ryanscomputers.com/detail/benq-zowie-ec2-wired-black-gaming-mouse,https://ryanscomputers.com/storage/products/small/benq-zowie-ec2-wired-black-gaming-61580377108.jpg,1,1
LOGITECH G502 PROTEUS CORE TUNABLE GAMING MOUSE,8000,RYANS,https://ryanscomputers.com/detail/logitech-g502-proteus-core-tunable-gaming-mouse,https://ryanscomputers.com/storage/products/small/logitech-g502-proteus-core-tunable-gaming-11555402595.jpg,1,1
MICROSOFT SURFACE ARC (BLACK) BLUETOOTH MOUSE,8500,RYANS,https://ryanscomputers.com/detail/microsoft-surface-arc-black-bluetooth-mouse,https://ryanscomputers.com/storage/products/small/microsoft-surface-arc-black-bluetooth-11547908541.jpg,1,1
MICROSOFT SURFACE ARC (BURGUNDY) BLUETOOTH MOUSE,8500,RYANS,https://ryanscomputers.com/detail/microsoft-surface-arc-burgundy-bluetooth-mouse,https://ryanscomputers.com/storage/products/small/microsoft-surface-arc-burgundy-bluetooth-11543318135.jpg,1,1
MICROSOFT SURFACE ARC (POPPY RED) BLUETOOTH MOUSE ...,9000,RYANS,https://ryanscomputers.com/detail/microsoft-surface-arc-poppy-red-bluetooth-mouse-czv-00075,https://ryanscomputers.com/storage/products/small/microsoft-surface-arc-poppy-red-bluetooth-mouse-11577600435.jpg,1,1
STEELSERIES RIVAL 710 WIRED BLACK GAMING MOUSE,9700,RYANS,https://ryanscomputers.com/detail/steelseries-rival-710-wired-black-gaming-mouse,https://ryanscomputers.com/storage/products/small/steelseries-rival-710-wired-black-gaming-11574331038.jpg,1,1
STEELSERIES RIVAL 600 BLACK GAMING MOUSE,10000,RYANS,https://ryanscomputers.com/detail/steelseries-rival-600-black-gaming-mouse,https://ryanscomputers.com/storage/products/small/steelseries-rival-600-black-gaming-11550307338.jpg,1,1
APPLE MAGIC MOUSE 2 SPACE GRAY #MRME2LL/A MRME2ZA ...,11000,RYANS,https://ryanscomputers.com/detail/apple-magic-mouse-2-space-gray-mrme2lla-mrme2zaa,https://ryanscomputers.com/storage/products/small/apple-magic-mouse-2-space-gray-mrme2lla-image1-11550309330.jpg,1,1
STEELSERIES RIVAL 650 WIRELESS BLACK GAMING MOUSE,11000,RYANS,https://ryanscomputers.com/detail/steelseries-rival-650-wireless-black-gaming-mouse,https://ryanscomputers.com/storage/products/small/steelseries-rival-650-wireless-black-gaming-11550309589.jpg,1,1
