Product_Title,Price,Shop_Name,URL,Image_Url,Product_Code,Category_Id
A4TECH FG1010 WIRELESS KEYBOARD MOUSE COMBO,1450,STARTECH,https://www.startech.com.bd/a4tech-fg1010-keyboard-mouse-combo,https://www.startech.com.bd/image/cache/catalog/accessories/combo/a4-tech/fg1010-1-228x228.jpg,1,1
BENQ ZOWIE CAMADE BUNGEE,3499,STARTECH,https://www.startech.com.bd/benq-zowie-camade-bungee,https://www.startech.com.bd/image/cache/catalog/bungee/benq/zowie-camade/zowie-camade-228x228.jpg,1,1
BENQ ZOWIE EC1-A GAMING MOUSE,8500,STARTECH,https://www.startech.com.bd/benq-zowie-ec1-a-gaming-mouse,https://www.startech.com.bd/image/cache/catalog/mouse/benq/zowie-ec1-a/zowie-ec1-a-228x228.jpg,1,1
HAVIT MS710 OPTICAL USB RETRACTABLE MINI MOUSE (MULTI COLOUR),400,STARTECH,https://www.startech.com.bd/havit-ms710-mouse,https://www.startech.com.bd/image/cache/catalog/accessories/mouse/havit/havit-ms710/havit-ms710-228x228.jpg,1,1
HAVIT MS997GT WIRELESS GAMING OPTICAL MOUSE ,550,STARTECH,https://www.startech.com.bd/havit-ms997gt-wireless-gaming-mouse,https://www.startech.com.bd/image/cache/catalog/accessories/mouse/havit/ms997gt/ms997gt-1_1-228x228.jpg,1,1
KWG ORION E1 MULTI-COLOR GAMING MOUSE,600,STARTECH,https://www.startech.com.bd/kwg-orion-e1-optical-mouse,https://www.startech.com.bd/image/cache/catalog/mouse/kwg/orion-e1/orion-e1-228x228.jpg,1,1
KWG ORION E2 MULTI-COLOR GAMING MOUSE,600,STARTECH,https://www.startech.com.bd/kwg-orion-e2-optical-mouse,https://www.startech.com.bd/image/cache/catalog/mouse/kwg/orion-e2/orion-228x228.jpg,1,1
KWG ORION M1 MULTI-COLOR GAMING MOUSE,1200,STARTECH,https://www.startech.com.bd/kwg-orion-m1-optical-mouse,https://www.startech.com.bd/image/cache/catalog/mouse/kwg/orion-m1/orion-m1-228x228.jpg,1,1
KWG ORION P1 RGB GAMING MOUSE,1600,STARTECH,https://www.startech.com.bd/kwg-orion-p1-optical-mouse,https://www.startech.com.bd/image/cache/catalog/mouse/kwg/orion/orion-228x228.jpg,1,1
MICROPACK MP 746W DUAL MODE WIRELESS BLUETOOTH SILENT MOUSE,1150,STARTECH,https://www.startech.com.bd/micropack-mp746w-mouse,https://www.startech.com.bd/image/cache/catalog/accessories/mouse/micropack/mp-746w/mp-746w-3-228x228.jpg,1,1
RAZER MOUSE BUNGEE V2 MOUSE STAND,1800,STARTECH,https://www.startech.com.bd/razer-mouse-bungee-v2-mouse-stand,https://www.startech.com.bd/image/cache/catalog/mouse/razer/bungee-v2/bungee-v2-7-228x228.jpg,1,1
BENQ ZOWIE EC2-A GAMING MOUSE,7800,STARTECH,https://www.startech.com.bd/benq-zowie-ec2-a-gaming-mouse,https://www.startech.com.bd/image/cache/catalog/mouse/benq/zowie-ec1-a/zowie-ec1-a-228x228.jpg,1,1
LENOVO YOGA WIRELESS MOUSE (GOLD ),5500,STARTECH,https://www.startech.com.bd/lenovo-yoga-wireless-mouse,https://www.startech.com.bd/image/cache/catalog/mouse/lenovo/yoga/lenovo-yoga-wireless-mouse-gold-3-228x228.jpg,1,1
RAZER DEATHADDER ESSENTIAL GAMING MOUSE,3900,STARTECH,https://www.startech.com.bd/razer-deathadder-essential-mouse,https://www.startech.com.bd/image/cache/catalog/mouse/razer/deathadder-essetial/razer-deathadder-essential-gaming-mouse-228x228.jpg,1,1
BENQ ZOWIE FK1 GAMING MOUSE,7500,STARTECH,https://www.startech.com.bd/benq-zowie-fk1-gaming-mouse,https://www.startech.com.bd/image/cache/catalog/mouse/benq/zowie-fk1/zowie-fk1-228x228.jpg,1,1
RAZER DEATHADDER ELITE-ERGONOMIC GAMING MOUSE,4400,STARTECH,https://www.startech.com.bd/razer-deathadder-elite-ergonomic,https://www.startech.com.bd/image/cache/catalog/Accessories/Razer/Mouse/Razer DeathAdder-1-228x228.jpg,1,1
BENQ ZOWIE FK2 GAMING MOUSE,7500,STARTECH,https://www.startech.com.bd/benq-zowie-fk2-gaming-mouse,https://www.startech.com.bd/image/cache/catalog/mouse/benq/zowie-fk1/zowie-fk1-228x228.jpg,1,1
CORSAIR GLAIVE RGB PRO ALUMINUM GAMING MOUSE,6800,STARTECH,https://www.startech.com.bd/corsair-glaive-rgb-pro-gaming-mouse,https://www.startech.com.bd/image/cache/catalog/mouse/corsair/glaive-rgb-pro/glaive-rgb-pro-1-228x228.jpg,1,1
CORSAIR IRONCLAW RGB FPS/MOBA GAMING MOUSE,5900,STARTECH,https://www.startech.com.bd/corsair-ironclaw-gaming-mouse,https://www.startech.com.bd/image/cache/catalog/mouse/corsair/ironclaw/ironclaw-228x228.jpg,1,1
RAZER BASILISK OPTICAL FPS GAMING MOUSE,6100,STARTECH,https://www.startech.com.bd/razer-basilisk-gaming-mouse,https://www.startech.com.bd/image/cache/catalog/razer-mouse/basilisk/basilisk-mouse-228x228.jpg,1,1
BENQ ZOWIE S2 DIVINA BLUE GAMING MOUSE,8500,STARTECH,https://www.startech.com.bd/benq-zowie-s2-divina-gaming-mouse,https://www.startech.com.bd/image/cache/catalog/mouse/benq/zowie-s2-divina/zowie-s2-divina-228x228.jpg,1,1
CORSAIR IRONCLAW RGB WIRELESS GAMING MOUSE,7500,STARTECH,https://www.startech.com.bd/corsair-ironclaw-wireless-gaming-mouse,https://www.startech.com.bd/image/cache/catalog/mouse/corsair/ironclaw-wireless/ironclaw-wireless-2-228x228.jpg,1,1
RAPOO N6000 USB MINI MOUSE,600,STARTECH,https://www.startech.com.bd/rapoo-n6000-usb-mini-mouse,https://www.startech.com.bd/image/cache/catalog/accessories/mouse/rapoo/n6000-mini-mouse-1-228x228.jpg,1,1
STEELSERIES RIVAL 710 GAMING MOUSE,10200,STARTECH,https://www.startech.com.bd/steelseries-rival-710-gaming-mouse,https://www.startech.com.bd/image/cache/catalog/mouse/steelseries/rival-710/rival-710-1-228x228.jpg,1,1
RAZER NAGA TRINITY - MULTI-COLOR WIRED MMO GAMING MOUSE,8100,STARTECH,https://www.startech.com.bd/razer-naga-trinity-mouse,https://www.startech.com.bd/image/cache/catalog/mouse/razer/naga-trinty/razer-naga-trinty-228x228.jpg,1,1
RAZER MAMBA HYPERFLUX + FIREFLY HYPERFLUX,19200,STARTECH,https://www.startech.com.bd/razer-mamba-hyperflux-firefly-hyperflux-mouse  ,https://www.startech.com.bd/image/cache/catalog/mouse/razer/mamba-hyperflux/hyperflux-main-228x228.jpg,1,1
RAZER ABYSSUS V2 ESSENTIAL AMBIDEXTROUS GAMING MOUSE,3500,STARTECH,https://www.startech.com.bd/razer-v2-essential-embidextrous-gaming-mouse,https://www.startech.com.bd/image/cache/catalog/Accessories/Razer/Mouse/new mouse/147769-1000x1000-228x228.jpg,1,1
RAPOO 3600 SILENT WIRELESS OPTICAL MOUSE,950,STARTECH,https://www.startech.com.bd/rapoo-3600-silent-wireless-optical-mouse,https://www.startech.com.bd/image/cache/catalog/mouse/rapoo/3600/3600-1-228x228.jpg,1,1
RAPOO 7200P WIRELESS OPTICAL MOUSE,950,STARTECH,https://www.startech.com.bd/rapoo-7200p-wireless-mouse,https://www.startech.com.bd/image/cache/catalog/mouse/rapoo/7200p/7200p-1-228x228.jpg,1,1
RAPOO M100 SILENT MULTI-MODE WIRELESS MOUSE,1000,STARTECH,https://www.startech.com.bd/rapoo-m100-mouse,https://www.startech.com.bd/image/cache/catalog/mouse/rapoo/m100/m100-228x228.jpg,1,1
RAZER DEATHADDER EXPERT ERGONOMIC GAMING MOUSE,4800,STARTECH,https://www.startech.com.bd/razer-deathadder-expert-mouse,https://www.startech.com.bd/image/cache/catalog/razer-mouse/razer-deathAdder-expert/razer-deathAdder-expert-228x228.jpg,1,1
STEELSERIES SENSEI 310 TRUEMOVE3 ESPORTS GAMING MOUSE,7900,STARTECH,https://www.startech.com.bd/steelseries-sensei-310-gaming-mouse,https://www.startech.com.bd/image/cache/catalog/mouse/steelseries/sensei-310/sensei-310-2-228x228.jpg,1,1
HAVIT HV-MS625GT WIRELESS MOUSE,400,STARTECH,https://www.startech.com.bd/havit-hv-ms625gt-mouse,https://www.startech.com.bd/image/cache/catalog/mouse/havit/ms625gt/ms625gt-228x228.jpg,1,1
RAZER NAGA CHROMA MULTI COLOR MMO GAMING MOUSE ,5500,STARTECH,https://www.startech.com.bd/razer-naga-chroma-multi-color-mmo,https://www.startech.com.bd/image/cache/catalog/Accessories/Razer/Mouse/Razer Naga-3-228x228.jpg,1,1
DELUX M321 OPTICAL WIRED MOUSE,300,STARTECH,https://www.startech.com.bd/delux-m321-mouse,https://www.startech.com.bd/image/cache/catalog/mouse/delux/m321/m321-228x228.jpg,1,1
HAVIT HV-MS300 RGB BACKLIT PROGRAMMALE GAMING MOUSE,1150,STARTECH,https://www.startech.com.bd/havit-hv-ms300-gaming-mouse,https://www.startech.com.bd/image/cache/catalog/mouse/havit/ms300/ms300-228x228.jpg,1,1
RAPOO M300 SILENT MULTI-MODE BLUETOOTH OPTICAL MOUSE,1475,STARTECH,https://www.startech.com.bd/rapoo-m300-silent-bluetooth-mouse,https://www.startech.com.bd/image/cache/catalog/mouse/rapoo/m300-silent/m300-silent-01-228x228.jpg,1,1
RAPOO MT600MINI MULTI-MODE WIRELESS MOUSE,1975,STARTECH,https://www.startech.com.bd/rapoo-mt600mini-wireless-mouse,https://www.startech.com.bd/image/cache/catalog/mouse/rapoo/mt600mini/mt600mini-2-228x228.jpg,1,1
RAPOO MT6610S MULTI-MODE WIRELESS MOUSE,1650,STARTECH,https://www.startech.com.bd/rapoo-mt6610s-multi-mode-wireless-mouse,https://www.startech.com.bd/image/cache/catalog/mouse/rapoo/mt6610s/mt6610s-1-228x228.jpg,1,1
RAZER NAGA HEX V2 MULTI COLOR MOBA/ACTION RPG GAMING MOUSE ,5600,STARTECH,https://www.startech.com.bd/razer-naga-hex-v2-multi-color-moba-action-rpg,https://www.startech.com.bd/image/cache/catalog/Accessories/Razer/Mouse/Razer Naga Hex V2-1-228x228.jpg,1,1
RAZER TAIPAN EXPERT AMBIDEXTROUS GAMING MOUSE ,5700,STARTECH,https://www.startech.com.bd/razer-taipan-expert-ambidextrous,https://www.startech.com.bd/image/cache/catalog/Accessories/Razer/Mouse/Razer Taipan-1-228x228.jpg,1,1
STEELSERIES RIVAL 600 GAMING MOUSE,10000,STARTECH,https://www.startech.com.bd/steelseries-rival-600-gaming-mouse,https://www.startech.com.bd/image/cache/catalog/mouse/steelseries/rival-600/rival-600-1-228x228.jpg,1,1
RAZER LANCEHEAD TOURNAMENT EDITION MERCURY EDITION RGB AMBIDEXTROUS GAMING MOUSE,6000,STARTECH,https://www.startech.com.bd/razer-lancehead-tournament-mercury-edition-mouse,https://www.startech.com.bd/image/cache/catalog/mouse/razer/lancehead-mercury-headphone/mercury-mouse-228x228.jpg,1,1
RAZER MAMBA TOURNAMENT EDITION MULTI COLOR ERGONOMIC GAMING MOUSE ,6300,STARTECH,https://www.startech.com.bd/razer-mamba-tournament-edition-multi-color,https://www.startech.com.bd/image/cache/catalog/Accessories/Razer/Mouse/Razer Mamba-5-228x228.jpg,1,1
LOGITECH B100 OPTICAL USB MOUSE,400,STARTECH,https://www.startech.com.bd/Logitech-B100-Optical-USB-Mouse-new,https://www.startech.com.bd/image/cache/data/B100 Optical USB Mouse-228x228.png,1,1
RAZER MAMBA ELITE GAMING MOUSE,7000,STARTECH,https://www.startech.com.bd/razer-mamba-elite-gaming-mouse,https://www.startech.com.bd/image/cache/catalog/mouse/razer/mamba-elite/mamba-elite-1-228x228.jpg,1,1
RAZER NAGA EPIC CHROMA WIRELESS MULTI COLOR MMO GAMING MOUSE,10700,STARTECH,https://www.startech.com.bd/razer-naga-epic-chroma-wireless,https://www.startech.com.bd/image/cache/catalog/Accessories/Razer/Mouse/Razer Naga Chroma-Multi-color-2-228x228.jpg,1,1
RAZER MAMBA 16000 WIRELESS MULTI COLOR ERGONOMIC GAMING MOUSE ,12200,STARTECH,https://www.startech.com.bd/razer-mamba-16000-wireless-multi-color,https://www.startech.com.bd/image/cache/catalog/Accessories/Razer/Mouse/Razer Mamba-1-228x228.jpg,1,1
DELL OPTICAL MOUSE-MS116 BLACK,375,STARTECH,https://www.startech.com.bd/dell-ms116,https://www.startech.com.bd/image/cache/catalog/Accessories/Dell/Dell Optical Mouse-MS116 Black-228x228.jpg,1,1
MICROSOFT SURFACE SOURIS ARC BLUETOOTH MOUSE (BLACK),8500,STARTECH,https://www.startech.com.bd/microsoft-surface-souris-arc-blc-bluetooth-mouse,https://www.startech.com.bd/image/cache/catalog/mouse/microsoft/souris-arc/souris-arc-bla-228x228.jpg,1,1
MICROSOFT SURFACE SOURIS ARC BLUETOOTH MOUSE (BURGUNDY),8500,STARTECH,https://www.startech.com.bd/microsoft-surface-souris-arc-bluetooth-mouse,https://www.startech.com.bd/image/cache/catalog/mouse/microsoft/souris-arc/souris-arc-bl-228x228.jpg,1,1
RAPOO V12 BLACK OPTICAL GAMING MOUSE,850,STARTECH,https://www.startech.com.bd/rapoo-v12-optical-mouse,https://www.startech.com.bd/image/cache/catalog/mouse/rapoo/v-12/v12-3-228x228.png,1,1
RAPOO VT300 IR OPTICAL GAMING MOUSE,2650,STARTECH,https://www.startech.com.bd/rapoo-vt300-optical-gaming-mouse,https://www.startech.com.bd/image/cache/catalog/mouse/rapoo/vt300/vt300-228x228.jpg,1,1
RAPOO N100 WIRED OPTICAL MOUSE,350,STARTECH,https://www.startech.com.bd/rapoo-n100wired-optical-mouse,https://www.startech.com.bd/image/cache/catalog/mouse/rapoo/n100/n100-228x228.jpg,1,1
RAPOO N1010 WIRED OPTICAL MOUSE,300,STARTECH,https://www.startech.com.bd/rapoo-n1010,https://www.startech.com.bd/image/cache/catalog/Accessories/Rapoo/Mouse/Rapoo N1010/Rapoo N1010 Wired Optical Mouse-3-228x228.jpg,1,1
RAPOO N200 WIRED OPTICAL MOUSE,350,STARTECH,https://www.startech.com.bd/rapoo-n200-wired-optical-mouse,https://www.startech.com.bd/image/cache/catalog/mouse/rapoo/n200/n200-228x228.jpg,1,1
A4TECH FM10 FSTYLER WIRED OPTICAL MOUSE BLACK-ORANGE,400,STARTECH,https://www.startech.com.bd/a4tech-fm10-fstyler-mouse,https://www.startech.com.bd/image/cache/catalog/mouse/a4tech/fm10-fstyler/fm10-fstyler-1-228x228.jpg,1,1
A4TECH OP-730D 2X CLICK OPTICAL WIRED MOUSE,299,STARTECH,https://www.startech.com.bd/a4tech-op-730d-mouse,https://www.startech.com.bd/image/cache/catalog/mouse/a4tech/730d/730d-main-228x228.jpg,1,1
APPLE (MLA02ZA/A) MAGIC MOUSE 2,7900,STARTECH,https://www.startech.com.bd/apple-magic-mouse-2,https://www.startech.com.bd/image/cache/catalog/Accessories/Apple/Apple Magic Mouse 2-1-228x228.jpg,1,1
XIAOMI WSB01TM 2.4 GHZ WIRELESS MOUSE,1000,STARTECH,https://www.startech.com.bd/mi-wireless-mouse,https://www.startech.com.bd/image/cache/catalog/Accessories/Mouse/xiaomi/xiaomi-mi-wireless-mouse-black-228x228.jpg,1,1
A4TECH OP-550NU V-TRACK OPTICAL MOUSE,375,STARTECH,https://www.startech.com.bd/a4tech-op-550nu-mouse,https://www.startech.com.bd/image/cache/catalog/accessories/mouse/a4tech/op-550nu-228x228.jpg,1,1
APPLE MAGIC TRACKPAD 2 ,12000,STARTECH,https://www.startech.com.bd/apple-magic-trackpad-2 ,https://www.startech.com.bd/image/cache/catalog/laptop-notebook/Apple/Apple MQD32ZP/trackpad 2-228x228.jpg,1,1
A4TECH G3-400N WIRELESS MOUSE,675,STARTECH,https://www.startech.com.bd/a4tech-g3-400n-wireless-mouse,https://www.startech.com.bd/image/cache/catalog/mouse/a4tech/g3-400n/g3-400n-1-228x228.jpg,1,1
CORSAIR GLAIVE RGB PRO GAMING MOUSE BLACK,6500,STARTECH,https://www.startech.com.bd/corsair-glaive-gaming-mouse,https://www.startech.com.bd/image/cache/catalog/mouse/corsair/glaive/glaive-228x228.jpg,1,1
CORSAIR HARPOON RGB GAMING MOUSE,1600,STARTECH,https://www.startech.com.bd/corsair-harpoon-rgb-gaming-mouse,https://www.startech.com.bd/image/cache/catalog/mouse/corsair/harpoon-228x228.jpg,1,1
RAPOO V16 VPRO RGB OPTICAL GAMING MOUSE,950,STARTECH,https://www.startech.com.bd/rapoo-vpro-v16,https://www.startech.com.bd/image/cache/catalog/Accessories/Rapoo/Mouse/Rapoo V16/Rapoo V16-1-228x228.jpg,1,1
GAMDIAS ZEUS E2 RGB GAMING MOUSE,1100,STARTECH,https://www.startech.com.bd/gamdias-zeus-e2-nyx-e1-mouse,https://www.startech.com.bd/image/cache/catalog/mouse/gamdias/zeus-e2/40-228x228.jpg,1,1
PROLINK PMC1005 USB OPTICAL MOUSE,325,STARTECH,https://www.startech.com.bd/prolink-pmc1005-mouse,https://www.startech.com.bd/image/cache/catalog/mouse/prolink/pmc1005/pmc1005-4-228x228.jpg,1,1
MAXGREEN OPT001 WIRELESS MOUSE,400,STARTECH,https://www.startech.com.bd/maxgreen-0pt001-mouse,https://www.startech.com.bd/image/cache/catalog/mouse/max-green/opt001/maxgreen-0pt001-new-1-228x228.jpg,1,1
LENOVO N100 WIRELESS MOUSE,700,STARTECH,https://www.startech.com.bd/lenovo-n100-mouse,https://www.startech.com.bd/image/cache/catalog/mouse/lenovo/n100/n100-228x228.jpg,1,1
LOGITECH B175 WIRELESS MOUSE ,925,STARTECH,https://www.startech.com.bd/logitech-b175-mouse,https://www.startech.com.bd/image/cache/catalog/mouse/logitech/b175/b175-1-228x228.jpeg,1,1
MICROPACK M101 OPTICAL USB MOUSE,235,STARTECH,https://www.startech.com.bd/micropack-m101-optical-usb-mouse,https://www.startech.com.bd/image/cache/catalog/mouse/micropack/m101/m101-1-228x228.jpg,1,1
MICROPACK M103 OPTICAL USB MOUSE,250,STARTECH,https://www.startech.com.bd/micropack-m103-optical-usb-mouse,https://www.startech.com.bd/image/cache/catalog/mouse/micropack/m103/m103-1-228x228.jpg,1,1
MICROPACK MP-216 BLACK RAINBOW BREATHING LED USB MOUSE,360,STARTECH,https://www.startech.com.bd/micropack-mp-216-black-rainbow-breathing-led-mouse,https://www.startech.com.bd/image/cache/catalog/mouse/micropack/mp-216/mp-216-1-228x228.jpg,1,1
MICROPACK BT-751C RECHARGEABLE WIRELESS MOUSE,750,STARTECH,https://www.startech.com.bd/micropack-bt-751c-rechargeable-wireless-mouse,https://www.startech.com.bd/image/cache/catalog/mouse/micropack/bt-751c/bt-751c-1-228x228.jpg,1,1
MICROPACK G850 OPTICAL GAMING MOUSE,800,STARTECH,https://www.startech.com.bd/micropack-g850-optical-gaming-mouse,https://www.startech.com.bd/image/cache/catalog/mouse/micropack/g850/g850-1-228x228.jpg,1,1
MICROPACK MP795W GAMING WIRELESS MOUSE,599,STARTECH,https://www.startech.com.bd/micropack-mp795w-gaming-wireless-mouse,https://www.startech.com.bd/image/cache/catalog/mouse/micropack/mp795w/mp795w-1-228x228.jpg,1,1
MOTOSPEED G11 WIRELESS MOUSE,550,STARTECH,https://www.startech.com.bd/motospeed-g11-2.4g-wireless-mouse,https://www.startech.com.bd/image/cache/catalog/mouse/motospeed/g11-1-228x228.jpg,1,1
MOTOSPEED G12 WIRELESS MOUSE,550,STARTECH,https://www.startech.com.bd/motospeed-g12-2.4g-wireless-mouse,https://www.startech.com.bd/image/cache/catalog/mouse/motospeed/g12/g12-1-228x228.jpg,1,1
MOTOSPEED G370 WIRELESS MOUSE,500,STARTECH,https://www.startech.com.bd/motospeed-g-370-2.4g-wireless-mouse,https://www.startech.com.bd/image/cache/catalog/mouse/motospeed/g-370/g-370-1-228x228.jpg,1,1
MOTOSPEED V30 WIRED RGB GAMING MOUSE,1500,STARTECH,https://www.startech.com.bd/motospeed-v30-game-mouse,https://www.startech.com.bd/image/cache/catalog/mouse/motospeed/v-30/v-30-1-228x228.jpg,1,1
MOTOSPEED V40 WIRED RGB GAMING MOUSE,1349,STARTECH,https://www.startech.com.bd/motospeed-v40-game-mouse,https://www.startech.com.bd/image/cache/catalog/mouse/motospeed/v-40/v-40-1-228x228.jpg,1,1
MOTOSPEED V70 3360 RGB BACKLIGHT USB GAMING MOUSE,2500,STARTECH,https://www.startech.com.bd/motospeed-v70-3360-game-mouse,https://www.startech.com.bd/image/cache/catalog/mouse/motospeed/v-70-3325/v-70-228x228.jpg,1,1
MOTOSPEED V70 3320 BLACK WIRED GAMING MOUSE,1800,STARTECH,https://www.startech.com.bd/motospeed-v70-3320-game-mouse,https://www.startech.com.bd/image/cache/catalog/mouse/motospeed/v-70-3325/v-70-228x228.jpg,1,1
MOTOSPEED V100 WIRED RGB GAMING MOUSE,2200,STARTECH,https://www.startech.com.bd/motospeed-v100-wired-gaming-mouse,https://www.startech.com.bd/image/cache/catalog/mouse/motospeed/v100/v-100-2-228x228.jpg,1,1
LOGITECH M90 USB CONTOURED SHAPE MOUSE,400,STARTECH,https://www.startech.com.bd/Logitech-M90-USB-MOUSE,https://www.startech.com.bd/image/cache/catalog/Accessories/Mouse/logitech/m90-228x228.png,1,1
HP X900 WIRED MOUSE,500,STARTECH,https://www.startech.com.bd/hp-x900-mouse,https://www.startech.com.bd/image/cache/catalog/mouse/hp-mouse/x900/x900-228x228.jpg,1,1
DELUX M107GX WIRELESS MOUSE,550,STARTECH,https://www.startech.com.bd/delux-m107gx-mouse,https://www.startech.com.bd/image/cache/catalog/Accessories/Delux/mouse/107gx-228x228.png,1,1
XIAOMI XMSB02MW BLUETOOTH WIRELESS MOUSE BLACK,1700,STARTECH,https://www.startech.com.bd/mi-portable-mouse,https://www.startech.com.bd/image/cache/catalog/Accessories/Mouse/xiaomi/xiaomi-mi-portable-mouse-228x228.jpg,1,1
DELL ALIENWARE AW558 ADVANCED WIRED GAMING MOUSE,3000,STARTECH,https://www.startech.com.bd/dell-aw558-gaming-mouse,https://www.startech.com.bd/image/cache/catalog/mouse/dell/aw558/dell-aw558-228x228.jpg,1,1
PROLINK PMW5006 2.4GHZ WIRELESS OPTICAL MOUSE,500,STARTECH,https://www.startech.com.bd/prolink-pmw5006-mouse,https://www.startech.com.bd/image/cache/catalog/mouse/prolink/pmw5006/pmw5006-228x228.jpg,1,1
GAMDIAS ZEUS E1A RGB GAMING MOUSE,2200,STARTECH,https://www.startech.com.bd/gamdias-zeus-e1a-gaming-mouse,https://www.startech.com.bd/image/cache/catalog/mouse/gamdias/zeus-e1a/gamdias-zeus-e1a-1-228x228.jpg,1,1
A4TECH FG10 FSTYLER WIRELESS MOUSE,600,STARTECH,https://www.startech.com.bd/a4tech-fg10-wireless-mouse,https://www.startech.com.bd/image/cache/catalog/mouse/a4tech/fg10/fg10-228x228.jpg,1,1
A4TECH G3-280N WIRELESS MOUSE,675,STARTECH,https://www.startech.com.bd/a4tech-g3-280n-mouse,https://www.startech.com.bd/image/cache/catalog/mouse/a4tech/g3-280n/g3-280n-228x228.jpg,1,1
STEELSERIES RIVAL 650 QUANTUM WIRELESS GAMING MOUSE ,12200,STARTECH,https://www.startech.com.bd/steelseries-rival-650-quantum-wireless-gaming-mouse ,https://www.startech.com.bd/image/cache/catalog/mouse/steelseries/rival-650/rival-650-1-228x228.jpg,1,1
HP X3000 WIRELESS MOUSE,800,STARTECH,https://www.startech.com.bd/hp-x3000-wireless-mouse,https://www.startech.com.bd/image/cache/catalog/Accessories/Mouse/HP Mouse/HP X3000 Wireless Mouse-228x228.jpg,1,1
LOGITECH M170 WIRELESS USB MOUSE,850,STARTECH,https://www.startech.com.bd/logitech-m170 ,https://www.startech.com.bd/image/cache/catalog/Accessories/Logitech/Mouse/m170-1-228x228.png,1,1
LOGITECH M331 SILENT PLUS WIRELESS USB MOUSE,1500,STARTECH,https://www.startech.com.bd/logitech-m331-silent-plus-wireless-mouse,https://www.startech.com.bd/image/cache/catalog/mouse/logitech/m331-silent-plus/m331-01-228x228.jpg,1,1
RAPOO 1620 WIRELESS OPTICAL MOUSE,650,STARTECH,https://www.startech.com.bd/rapoo-1620,https://www.startech.com.bd/image/cache/catalog/Accessories/Rapoo/Mouse/Rapoo 1620/Rapoo 1620-1-228x228.jpg,1,1
GAMDIAS ZEUS M1 WIRED OPTICAL RGB GAMING MOUSE,3000,STARTECH,https://www.startech.com.bd/gamdias-zeus-m1-gaming-mouse,https://www.startech.com.bd/image/cache/catalog/Accessories/Gamdias/Gamdias ZEUS M1/Gamdias ZEUS M1-1-228x228.jpg,1,1
A4TECH OP-620D 2X CLICK OPTICAL MOUSE,300,STARTECH,https://www.startech.com.bd/a4tech-op-620d,https://www.startech.com.bd/image/cache/catalog/mouse/a4tech/620d/620d-228x228.jpg,1,1
HAVIT HV-MS989GT WIRELESS MOUSE,375,STARTECH,https://www.startech.com.bd/havit-hv-ms989gt-wireless-mouse,https://www.startech.com.bd/image/cache/catalog/mouse/havit/ms989gt/ms989gt-4-228x228.jpg,1,1
PROLINK PMW6006 2.4GHZ WIRELESS OPTICAL MOUSE,650,STARTECH,https://www.startech.com.bd/prolink-pmw6006-mouse,https://www.startech.com.bd/image/cache/catalog/mouse/prolink/pmw6006/pmw6006-1-228x228.jpg,1,1
LOGITECH M171 WIRELESS NANO-RECEIVER MOUSE ,900,STARTECH,https://www.startech.com.bd/Logitech-M171-Wireless-Nano-receiver-Mouse ,https://www.startech.com.bd/image/cache/catalog/mouse/logitech/m171/m171-1-228x228.jpg,1,1
RAPOO M10 2.4G WIRELESS MOUSE WITH NANO RECEIVER ,600,STARTECH,https://www.startech.com.bd/rapoo-m10,https://www.startech.com.bd/image/cache/catalog/Accessories/Rapoo/Mouse/Rapoo M10/Rapoo M10-blue-1-228x228.jpg,1,1
HP 200 WIRELESS MOUSE,850,STARTECH,https://www.startech.com.bd/hp-200-wireless-mouse,https://www.startech.com.bd/image/cache/catalog/mouse/hp-mouse/hp-200/hp-200-1-228x228.jpg,1,1
PROLINK PMG9002 FURAX 7-COLOUR ILLUMINATED GAMING MOUSE,700,STARTECH,https://www.startech.com.bd/prolink-pgm9002-gaming-mouse,https://www.startech.com.bd/image/cache/catalog/mouse/prolink/pmg9002/prolink-furax-228x228.jpg,1,1
RAPOO 1090P WIRELESS MOUSE,875,STARTECH,https://www.startech.com.bd/rapoo-1090p,https://www.startech.com.bd/image/cache/catalog/mouse/logitech/1090p/1-228x228.jpg,1,1
HP Z3700 WIRELESS MOUSE,820,STARTECH,https://www.startech.com.bd/hp-z3700-mouse,https://www.startech.com.bd/image/cache/catalog/Accessories/Mouse/HP Mouse/z3700 mouse-228x228.png,1,1
A4TECH G3-200N V-TRACK WIRELESS MOUSE,675,STARTECH,https://www.startech.com.bd/a4tech-g3-200n-mouse,https://www.startech.com.bd/image/cache/catalog/accessories/mouse/a4tech/g3-200n-228x228.jpg,1,1
HAVIT HV-MS958GT WIRELESS MOUSE,450,STARTECH,https://www.startech.com.bd/havit-hv-ms958gt-wireless-mouse,https://www.startech.com.bd/image/cache/catalog/mouse/havit/hv-ms958gt/ms958gt-228x228.jpg,1,1
PROLINK PMW5005 2.4GHZ WIRELESS OPTICAL MOUSE,750,STARTECH,https://www.startech.com.bd/prolink-pmw5005-mouse,https://www.startech.com.bd/image/cache/catalog/mouse/prolink/pmw5005/pmw5005-1-228x228.jpg,1,1
LOGITECH B170 WIRELESS MOUSE,900,STARTECH,https://www.startech.com.bd/logitech-b170-mouse,https://www.startech.com.bd/image/cache/catalog/mouse/logitech/b170/b170-228x228.jpg,1,1
RAPOO 3360 2.4GHZ WIRELESS OPTICAL MINI MOUSE BLUE,900,STARTECH,https://www.startech.com.bd/rapoo-3360-wireless-mouse,https://www.startech.com.bd/image/cache/catalog/Accessories/Rapoo/Mouse/Rapoo 3360/Rapoo 3360-1-228x228.jpg,1,1
HAVIT HV-MS987GT WIRELESS MOUSE,500,STARTECH,https://www.startech.com.bd/havit-hv-ms987gt-wireless-mouse,https://www.startech.com.bd/image/cache/catalog/mouse/havit/ms987gt/ms987gt-228x228.jpg,1,1
A4TECH G3-300N V-TRACK WIRELESS MOUSE BLACK,675,STARTECH,https://www.startech.com.bd/a4tech-g3-300n-wireless-mouse,https://www.startech.com.bd/image/cache/catalog/accessories/mouse/a4tech/g3-300n/g3-300n-228x228.jpg,1,1
PROLINK PCWM-7003 WIRELESS MULTIMEDIA KEYBOARD-MOUSE COMBO,1200,STARTECH,https://www.startech.com.bd/prolink-pcwm-7003-combo-keyboard-mouse,https://www.startech.com.bd/image/cache/catalog/mouse/prolink/pcwm-7003/pewm7003-228x228.jpg,1,1
HAVIT MS623GT WIRELESS MOUSE,380,STARTECH,https://www.startech.com.bd/havit-ms623gt-mouse,https://www.startech.com.bd/image/cache/catalog/mouse/havit/ms623gt/ms623gt-228x228.jpeg,1,1
HAVIT MS981GT WIRELESS MOUSE,360,STARTECH,https://www.startech.com.bd/havit-ms981gt-mouse,https://www.startech.com.bd/image/cache/catalog/mouse/havit/ms981gt/ms981gt-228x228.jpeg,1,1
HAVIT MS919GT WIRELESS MOUSE,450,STARTECH,https://www.startech.com.bd/havit-ms919gt-mouse,https://www.startech.com.bd/image/cache/catalog/mouse/havit/ms919gt/ms919gt-228x228.jpg,1,1
LOGITECH M185 PLUG-AND-PLAY WIRELESS MOUSE,990,STARTECH,https://www.startech.com.bd/logitech-m185,https://www.startech.com.bd/image/cache/catalog/Accessories/Logitech/Mouse/Logitech M185-Blue-228x228.jpg,1,1
A4TECH BLOODY Q80 NEON X'GLIDE GAMING MOUSE,1500,STARTECH,https://www.startech.com.bd/a4tech-bloody-q80-mouse,https://www.startech.com.bd/image/cache/catalog/mouse/a4tech/q80-228x228.png,1,1
LOGITECH M187 WIRELESS MAC SUPPORT EXTRA-SMALL MOUSE ,990,STARTECH,https://www.startech.com.bd/Logitech-M187-Wireless-Extra-small-Mouse ,https://www.startech.com.bd/image/cache/catalog/mouse/logitech/m187/1-228x228.jpg,1,1
HP OMEN MOUSE WITH STEELSERIES,6000,STARTECH,https://www.startech.com.bd/hp-omen-mouse-steelseries,https://www.startech.com.bd/image/cache/catalog/Accessories/Mouse/HP Mouse/HP OMEN Mouse SteelSeries-228x228.png,1,1
A4 TECH BLOODY V3M X’GLIDE MULTI-CORE GAMING MOUSE,1700,STARTECH,https://www.startech.com.bd/a4-tech-v3m-gaming-mouse,https://www.startech.com.bd/image/cache/catalog/Accessories/Mouse/a4tech/v3m-228x228.jpg,1,1
LOGITECH M221 SILENT WIRELESS MOUSE,1150,STARTECH,https://www.startech.com.bd/logitech-m221,https://www.startech.com.bd/image/cache/catalog/Accessories/Logitech/Mouse/logitech-m221-1-228x228.png,1,1
RAPOO 3000P WIRELESS MOUSE,1050,STARTECH,https://www.startech.com.bd/rapoo-3000p,https://www.startech.com.bd/image/cache/catalog/Accessories/Rapoo/Mouse/Rapoo 3000P/Rapoo 3000P-Red-228x228.jpg,1,1
A4 TECH Q5081S NEON X'GLIDE GAMING MOUSE & MOUSE PAD ,1700,STARTECH,https://www.startech.com.bd/a4-tech-q5081s,https://www.startech.com.bd/image/cache/catalog/mouse/a4tech/508-228x228.jpg,1,1
A4 TECH BLOODY Q8181S NEON X GLIDE GAMING MOUSE & MOUSE PAD,1800,STARTECH,https://www.startech.com.bd/a4-tech-q8181s-neon-x-glide-mouse-and-mouse-pad,https://www.startech.com.bd/image/cache/catalog/mouse/a4tech/q8181s/q8181s-228x228.jpg,1,1
RAPOO 3510 PLUS WIRELESS OPTICAL MOUSE,1450,STARTECH,https://www.startech.com.bd/rapoo-3510-plus,https://www.startech.com.bd/image/cache/catalog/Accessories/Rapoo/Mouse/Rapoo 3510 Plus/Rapoo 3510 Plus-gray-228x228.jpg,1,1
RAPOO X1900 WIRELESS OPTICAL MOUSE AND KEYBOARD,1500,STARTECH,https://www.startech.com.bd/rapoo-x1900-mouse-keyboard,https://www.startech.com.bd/image/cache/catalog/keyboard/rapoo/x1900/x1900-228x228.jpg,1,1
RAPOO V210 VPRO BLACK RGB OPTICAL GAMING MOUSE,1550,STARTECH,https://www.startech.com.bd/rapoo-v210,https://www.startech.com.bd/image/cache/catalog/Accessories/Rapoo/Mouse/Rapoo V210 VPRO/Rapoo V210 VPRO-1-228x228.jpg,1,1
RAPOO MT550 MULTI-MODE WIRELESS MOUSE,2050,STARTECH,https://www.startech.com.bd/rapoo-mt550-mouse,https://www.startech.com.bd/image/cache/catalog/mouse/rapoo/mt550/mt550-228x228.jpg,1,1
RAPOO T8 USB WIRELESS 5.8GHZ ULTRA THIN LASER TOUCH MOUSE,2750,STARTECH,https://www.startech.com.bd/rapoo-t8-mouse,https://www.startech.com.bd/image/cache/catalog/mouse/rapoo/t8-touch/t8-228x228.jpg,1,1
RAPOO MT350 MULTI-MODE WIRELESS MOUSE,1975,STARTECH,https://www.startech.com.bd/rapoo-mt350-mouse,https://www.startech.com.bd/image/cache/catalog/mouse/rapoo/mt350/mt350-1-228x228.jpg,1,1
RAPOO MT750S RECHARGEABLE MULTI-MODE WIRELESS MOUSE,3150,STARTECH,https://www.startech.com.bd/rapoo-mt750s-mouse,https://www.startech.com.bd/image/cache/catalog/mouse/rapoo/mt750s/mt750s-1-228x228.jpg,1,1
LOGITECH M337 WIRELESS RUBBER GRIP BLUETOOTH MOUSE,2500,STARTECH,https://www.startech.com.bd/Logitech-M337-Wireless-Rubber-Grip-Bluetooth-Mouse,https://www.startech.com.bd/image/cache/catalog/mouse/logitech/m337/m337-1-228x228.jpg,1,1
A4TECH N-70FX 7 BUTTON MOUSE,550,STARTECH,https://www.startech.com.bd/a4tech-n-70fx-mouse,https://www.startech.com.bd/image/cache/catalog/accessories/mouse/a4tech/70fx-228x228.jpg,1,1
LOGITECH G302 DAEDALUS PRIME MOBA GAMING MOUSE,2990,STARTECH,https://www.startech.com.bd/logitech-g302 ,https://www.startech.com.bd/image/cache/catalog/mouse/logitech/g302/g302-1-228x228.jpg,1,1
LOGITECH G90 OPTICAL GAMING MOUSE,1600,STARTECH,https://www.startech.com.bd/logitech-g90-gaming-mouse,https://www.startech.com.bd/image/cache/catalog/mouse/logitech/g90/g90-1-228x228.jpg,1,1
A4TECH BLOODY J90 2-FIRE RGB ANIMATION GAMING MOUSE,2050,STARTECH,https://www.startech.com.bd/a4tech-j90-rgb-mouse,https://www.startech.com.bd/image/cache/catalog/mouse/a4tech/j90/j90-1-228x228.jpeg,1,1
STEELSERIES RIVAL 300S GAMING MOUSE,4750,STARTECH,https://www.startech.com.bd/steelseries-rival-300s-gaming-mouse,https://www.startech.com.bd/image/cache/catalog/mouse/steelseries/rival-300s/rival-300s-1-228x228.jpg,1,1
STEELSERIES RIVAL 310 ERGONOMIC GAMING MOUSE,7850,STARTECH,https://www.startech.com.bd/steelseries-rival-310-ergonomic-gaming-mouse,https://www.startech.com.bd/image/cache/catalog/mouse/steelseries/rival-310/rival-310-1-228x228.jpg,1,1
GAMDIAS ZEUS M2 RGB GAMING MOUSE WITH NYX E1 MOUSE MAT,2100,STARTECH,https://www.startech.com.bd/gamdias-zeus-m2-mouse,https://www.startech.com.bd/image/cache/catalog/mouse/gamdias/zeus-m2/m2-1-228x228.PNG,1,1
STEELSERIES RIVAL 110 MATTE GAMING MOUSE,3600,STARTECH,https://www.startech.com.bd/steelseries-rival-110-matte-gaming-mouse,https://www.startech.com.bd/image/cache/catalog/mouse/steelseries/rival-110/rival-110-1-228x228.jpg,1,1
RAPOO V280 OPTICAL GAMING MOUSE,1950,STARTECH,https://www.startech.com.bd/rapoo-v280,https://www.startech.com.bd/image/cache/catalog/Accessories/Rapoo/Mouse/Rapoo V280 /Rapoo V280-2-228x228.jpg,1,1
A4TECH BLOODY P85 RGB GAMING MOUSE,1700,STARTECH,https://www.startech.com.bd/a4tech-bloody-p85,https://www.startech.com.bd/image/cache/catalog/Accessories/Mouse/a4tech/4-228x228.PNG,1,1
RAPOO 7600P WIRELESS OPTICAL MOUSE,1500,STARTECH,https://www.startech.com.bd/rapoo-7600p,https://www.startech.com.bd/image/cache/catalog/Accessories/Rapoo/Mouse/Rapoo 7600P/Rapoo 7600P-1-228x228.jpg,1,1
RAPOO 3900P 5G POWER EFFICIENT ERGONOMIC WIRELESS MOUSE,1600,STARTECH,https://www.startech.com.bd/rapoo-3900p,https://www.startech.com.bd/image/cache/catalog/Accessories/Rapoo/Mouse/Rapoo 3900P/Rapoo 3900P-1-228x228.jpg,1,1
HAVIT HV-MS626GT WIRELESS OPTICAL MOUSE,350,STARTECH,https://www.startech.com.bd/havit-hv-ms626gt-wireless-mouse,https://www.startech.com.bd/image/cache/catalog/mouse/havit/hv-ms626gt/hv-mS626gt-228x228.jpg,1,1
HAVIT HV-MS736 OPTICAL GAMING MOUSE,400,STARTECH,https://www.startech.com.bd/havit-hv-ms736-optical-gaming-mouse,https://www.startech.com.bd/image/cache/catalog/mouse/havit/ms736/ms736-228x228.jpg,1,1
A4TECH G3-270 WIRELESS OPTICAL MOUSE,550,STARTECH,https://www.startech.com.bd/a4tech-g3-270-wireless-mouse,https://www.startech.com.bd/image/cache/catalog/accessories/mouse/a4tech/g3-270/g3-270-2-228x228.jpg,1,1
A4 TECH BLOODY A91 INFRARED MICRO SWITCH GAMING MOUSE,1800,STARTECH,https://www.startech.com.bd/a4-tech-bloody-a91-gaming-mouse,https://www.startech.com.bd/image/cache/catalog/Accessories/A4 Tech/mouse/BLOODY-A91-Mouse.-1-228x228.gif,1,1
DELL MS111 USB OPTICAL MOUSE,450,STARTECH,https://www.startech.com.bd/dell-ms111-mouse,https://www.startech.com.bd/image/cache/catalog/mouse/dell/ms111/ms111-228x228.jpg,1,1
DELL WM126 WIRELESS OPTICAL MOUSE ,1000,STARTECH,https://www.startech.com.bd/dell-wm126-wireless-mouse,https://www.startech.com.bd/image/cache/catalog/mouse/dell/wm126/wm126-228x228.jpg,1,1
A4 TECH BLOODY A90 WIRED INFRARED MICRO SWICTH GAMING MOUSE,1600,STARTECH,https://www.startech.com.bd/a4-tech-bloody-a90-gaming-mouse,https://www.startech.com.bd/image/cache/catalog/Accessories/A4 Tech/mouse/A4 TECH BLOODY A90-1-228x228.jpg,1,1
A4TECH N-322 WIRED V-TRACK USB BLACK MOUSE,450,STARTECH,https://www.startech.com.bd/a4tech-n-322-mouse,https://www.startech.com.bd/image/cache/catalog/accessories/mouse/a4tech/n-322-228x228.jpg,1,1
LOGITECH M165 WIRELESS PLUG-AND-PLAY MOUSE,780,STARTECH,https://www.startech.com.bd/Logitech-M165-Wireless-Mouse,https://www.startech.com.bd/image/cache/data/wireless-mouse-m165-228x228.jpg,1,1
GAMDIAS DEMETER E1 GAMING MOUSE,850,STARTECH,https://www.startech.com.bd/gamdias-demeter-e1,https://www.startech.com.bd/image/cache/catalog/Accessories/Gamdias/Gamdias DEMETER E1/Gamdias DEMETER E1-1-228x228.jpg,1,1
LOGITECH WIRELESS MOUSE B-175,950,STARTECH,https://www.startech.com.bd/logitech-wireless-mouse-m175,https://www.startech.com.bd/image/cache/data/wireless-mouse-m185-228x228.png,1,1
LOGITECH M105 USB WIRED MOUSE,500,STARTECH,https://www.startech.com.bd/Logitech-M105-USB-MOUSE,https://www.startech.com.bd/image/cache/catalog/mouse/logitech/m105/m105-1-228x228.jpg,1,1
LOGITECH WIRED USB M100R MOUSE,550,STARTECH,https://www.startech.com.bd/logitech-m100r ,https://www.startech.com.bd/image/cache/catalog/Accessories/Logitech/Mouse/M100r-1-228x228.png,1,1
DELUX DLM 363BU OPTICAL MOUSE,300,STARTECH,https://www.startech.com.bd/delux-dlm-363bu-mouse,https://www.startech.com.bd/image/cache/catalog/mouse/delux/363bu/363bu-main-228x228.PNG,1,1
LOGITECH MX ANYWHERE 2S WIRELESS MOUSE,5700,STARTECH,https://www.startech.com.bd/logitech-mx-anywhere-2-wireless,https://www.startech.com.bd/image/cache/catalog/mouse/logitech/mx-anywhere-2/logitech-mx-anywhere-1-228x228.jpg,1,1
HP X1000 WIRED MOUSE,490,STARTECH,https://www.startech.com.bd/hp-x1000-wired-mouse,https://www.startech.com.bd/image/cache/catalog/Accessories/Mouse/HP Mouse/HP X1000 Wired Mouse-228x228.jpg,1,1
RAPOO 3100P WIRELESS MOUSE,1050,STARTECH,https://www.startech.com.bd/rapoo-3100p,https://www.startech.com.bd/image/cache/catalog/Accessories/Rapoo/Mouse/Rapoo 3100P-1-228x228.jpg,1,1
HAVIT HV-MS792 RGB OPTICAL GAMING MOUSE,500,STARTECH,https://www.startech.com.bd/havit-hv-ms792-gaming-mouse,https://www.startech.com.bd/image/cache/catalog/mouse/havit/ms792/ms792-228x228.jpg,1,1
LOGITECH M-185 WIRELESS NANO RECEIVER MOUSE,990,STARTECH,https://www.startech.com.bd/Logitech-M-185-Wireless-Mouse,https://www.startech.com.bd/image/cache/catalog/mouse/logitech/m185/m185-1-228x228.jpg,1,1
RAZER VIPER AMBIDEXTROUS GAMING MOUSE,6500,STARTECH,https://www.startech.com.bd/razer-viper-gaming-mouse,https://www.startech.com.bd/image/cache/catalog/mouse/razer/viper/viper-1-228x228.jpg,1,1
HAVIT HV-MS1002 RGB BACKLIT PROGRAMMABLE BLACK GAMING MOUSE,800,STARTECH,https://www.startech.com.bd/havit-hv-ms1002-gaming-mouse,https://www.startech.com.bd/image/cache/catalog/accessories/mouse/havit/hv-ms1002/hv-ms1002-1-228x228.jpg,1,1
DELUX M811LU GAMING LASER MOUSE,2100,STARTECH,https://www.startech.com.bd/delux-m811lu,https://www.startech.com.bd/image/cache/catalog/Accessories/Delux/Delux M811LU-228x228.jpg,1,1
GAMDIAS ZEUS P1 RGB OPTICAL GAMING MOUSE,3200,STARTECH,https://www.startech.com.bd/gamdias-zeus-p1-gaming-mouse,https://www.startech.com.bd/image/cache/catalog/mouse/gamdias/zeus-p1/p1-228x228.jpg,1,1
RAZER LANCEHEAD TOURNAMENT EDITION GUNMETAL EDITION RGB GAMING MOUSE,6800,STARTECH,https://www.startech.com.bd/razer-lancehead-tournament-edition-gunmetal-mouse,https://www.startech.com.bd/image/cache/catalog/mouse/razer/lancehead-gunmetal-edition/gunmetal-edition-228x228.jpg,1,1
A4TECH OP-560NU V-TRACK OPTICAL MOUSE,280,STARTECH,https://www.startech.com.bd/a4tech-op-560nu-mouse,https://www.startech.com.bd/image/cache/catalog/accessories/mouse/a4tech/a4tech-op-560nu-228x228.jpg,1,1
MICROPACK MP-716W WIRELESS MOUSE,425,STARTECH,https://www.startech.com.bd/micropack-mp-716w-wireless-mouse,https://www.startech.com.bd/image/cache/catalog/mouse/micropack/mp-716w/mp-716w-1-228x228.jpg,1,1
RAPOO MT750 RECHARGEABLE MULTI-MODE WIRELESS MOUSE,3050,STARTECH,https://www.startech.com.bd/rapoo-mt750-mouse,https://www.startech.com.bd/image/cache/catalog/mouse/rapoo/mt750/mt750-0-228x228.png,1,1
HAVIT HV-MS798 PROGRAMMABLE GAMING MOUSE,1150,STARTECH,https://www.startech.com.bd/havit-hv-ms798-gaming-mouse,https://www.startech.com.bd/image/cache/catalog/mouse/havit/ms798/ms798-228x228.jpg,1,1
