Product_Title,Price,Shop_Name,URL,Image_Url,Product_Code,Category_Id
RAPOO 8900P 5GHZ ULTRA-SLIM WIRELESS KEYBOARD MOUSE COMBO,4000,TECHLAND,https://www.techlandbd.com/accessories/computer-keyboard/rapoo-8900p-keyboard-wireless-mouse-combo,https://www.techlandbd.com/image/cache/catalog/Mouse/Rapoo/COMBO/rapoo-8900p-keyboard-wireless-mouse-combo-200x200.jpg,1,1
RAPOO X120 PRO WIRED KEYBOARD MOUSE COMBO,850,TECHLAND,https://www.techlandbd.com/accessories/computer-keyboard/rapoo-x120-pro-keyboard-mouse-combo,https://www.techlandbd.com/image/cache/catalog/Mouse/Rapoo/X120-pro/rapoo-x120-pro-keyboard-mouse-combo-200x200.jpg,1,1
RAPOO V500 RGB BACKLIT MECHANICAL GAMING KEYBOARD (FULL SIZE),4500,TECHLAND,https://www.techlandbd.com/accessories/computer-keyboard/rapoo-v500-mechanical-gaming-keyboard,https://www.techlandbd.com/image/cache/catalog/Keyboard/Rapoo%20/Rapoo%20V500%20RGB/rapoo-v500-mechanical-gaming-keyboard-200x200.jpg,1,1
RAPOO NK1800 WIRED USB KEYBOARD,650,TECHLAND,https://www.techlandbd.com/accessories/computer-keyboard/rapoo-nk1800-usb-keyboard,https://www.techlandbd.com/image/cache/catalog/Keyboard/Rapoo%20/NK1800%20/rapoo-nk1800-usb-keyboard-200x200.jpg,1,1
RAPOO X9310 WIRELESS ULTRA-SLIM KEYBOARD & OPTICAL MOUSE COMBO,4000,TECHLAND,https://www.techlandbd.com/accessories/computer-keyboard/rapoo-x9310-ultra-slim-keyboard-optical-mouse-combo,https://www.techlandbd.com/image/cache/catalog/Mouse/Rapoo/COMBO/rapoo-x9310-ultra-slim-keyboard-optical-mouse-combo-200x200.jpg,1,1
RAPOO 8000S WIRELESS KEYBOARD MOUSE COMBO,1750,TECHLAND,https://www.techlandbd.com/accessories/computer-keyboard/rapoo-8000s-wireless-keyboard-mouse-combo,https://www.techlandbd.com/image/cache/catalog/Mouse/Rapoo/COMBO/rapoo-8000s-wireless-keyboard-mouse-combo-200x200.jpg,1,1
RAPOO E6700 BLUETOOTH ULTRA-SLIM TOUCHPAD KEYBOARD,3850,TECHLAND,https://www.techlandbd.com/accessories/computer-keyboard/rapoo-e6700-bluetooth-touchpad-keyboard,https://www.techlandbd.com/image/cache/catalog/Keyboard/Rapoo%20/Rapoo%20E6700%20/rapoo-e6700-bluetooth-keyboard-touchpad-200x200.jpg,1,1
A4TECH KRS-85 LASER ENGRAVING USB KEYBOARD WITH BANGLA,600,TECHLAND,https://www.techlandbd.com/accessories/computer-keyboard/a4tech-krs-85-keyboard,https://www.techlandbd.com/image/cache/catalog/Keyboard/A4tech/KRS%2085/a4tech-krs-85-keyboard-200x200.jpg,1,1
FANTECH K3M KEYBOARD,500,TECHLAND,https://www.techlandbd.com/accessories/computer-keyboard/fantech-k3m-keyboard,https://www.techlandbd.com/image/cache/catalog/Keyboard/Fantech/fantech-k3m-200x200.jpg,1,1
FANTECH K10 HUNTER BACKLIT GAMING KEYBOARD,1100,TECHLAND,https://www.techlandbd.com/accessories/computer-keyboard/fantech-k10-keyboard,https://www.techlandbd.com/image/cache/catalog/Keyboard/Fantech/fantech-k10-min-200x200.jpg,1,1
RAPOO VPRO V500 BACKLIGHT MECHANICAL ALUMINUM GAMING KEYBOARD (10KEY LESS),2200,TECHLAND,https://www.techlandbd.com/accessories/computer-keyboard/rapoo-v500s-keyboard-price-in-bd,https://www.techlandbd.com/image/cache/catalog/Keyboard/Rapoo%20/rapoo-v500s-keyboard-price-inn-200x200.jpg,1,1
RAPOO VPRO V120S GAMING KEYBOARD & MOUSE COMBO,2075,TECHLAND,https://www.techlandbd.com/accessories/computer-keyboard/rapoo-v120s-gaming-keyboard-mouse-combo,https://www.techlandbd.com/image/cache/catalog/Keyboard/Rapoo%20/V120S/rapoo-v120s-gaming-combo-200x200.jpg,1,1
COUGAR METAL GAMING KEYCAP,750,TECHLAND,https://www.techlandbd.com/accessories/computer-keyboard/cougar-metal-gaming-keycap,https://www.techlandbd.com/image/cache/catalog/Accessories/Keycap/cougar-metal-gaming-keycap-200x200.jpg,1,1
CORSAIR K70 RGB CHERRY MX SPEED MECHANICAL GAMING KEYBOARD,14200,TECHLAND,https://www.techlandbd.com/accessories/computer-keyboard/corsair-k70-rgb-mechanical-gaming-keyboard,https://www.techlandbd.com/image/cache/catalog/Keyboard/Corsair/k70%20RGB/corsair-k70-rgb-mechanical-gaming-keyboard-review-200x200.png,1,1
LOGITECH K380 BLUETOOTH MULTI-DEVICE KEYBOARD,2890,TECHLAND,https://www.techlandbd.com/accessories/computer-keyboard/logitech-k380-bluetooth-multi-device-keyboard,https://www.techlandbd.com/image/cache/catalog/Keyboard/Logitech/logitech-k380-bluetooth-multi-device-keyboard-200x200.png,1,1
COOLER MASTER CK550 BACKLIT MECHANICAL GAMING KEYBOARD (BLUE SWITCH) ,6500,TECHLAND,https://www.techlandbd.com/accessories/computer-keyboard/cooler-master-ck550-keyboard,https://www.techlandbd.com/image/cache/catalog/Keyboard/Cooler-Master/CK550/Cooler-master-CK550-keybaord-min-200x200.jpg,1,1
RAPOO V580 BACKLIT MECHANICAL GAMING KEYBOARD,3350,TECHLAND,https://www.techlandbd.com/accessories/computer-keyboard/rapoo-v580-backlit-mechanical-gaming-keyboard,https://www.techlandbd.com/image/cache/catalog/Keyboard/Rapoo%20/V580/rapoo-v580-backlit-mechanical-gaming-keyboard-200x200.jpg,1,1
KWG DRACO M1 RGB MECHANICAL GAMING KEYBOARD,3700,TECHLAND,https://www.techlandbd.com/accessories/computer-keyboard/kwg-draco-m1-gaming-keyboard,https://www.techlandbd.com/image/cache/catalog/Keyboard/KWG/kwg-draco-m1-gaming-keyboard-200x200.jpg,1,1
THERMALTAKE TTESPORTS NEPTUNE ELITE RGB BROWN SWITCH MECHANICAL GAMING KEYBOARD,8500,TECHLAND,https://www.techlandbd.com/accessories/computer-keyboard/thermaltake-neptune-elite-rgb-brown-keyboard-price-in-bd,https://www.techlandbd.com/image/cache/catalog/Keyboard/Thermaltake/thermaltake-neptune-elite-rgb-blue-keyboard-review-200x200.jpg,1,1
MOTOSPEED CK666 NKRO OPTICAL MECHANICAL RGB GAMING KEYBOARD MOUSE COMBO,4800,TECHLAND,https://www.techlandbd.com/accessories/computer-keyboard/motospeed-ck666-nkro-price-in-bd,https://www.techlandbd.com/image/cache/catalog/Keyboard/Motospeed/CK666/motospeed_ck666_keyboard_mouse_combo_4-min-200x200.JPG,1,1
ASUS ROG STRIX SCOPE DELUXE CHERRY MX RGB MECHANICAL GAMING KEYBOARD,11999,TECHLAND,https://www.techlandbd.com/accessories/computer-keyboard/asus-rog-strix-scope-deluxe-gaming-keyboard,https://www.techlandbd.com/image/cache/catalog/Keyboard/Asus/asus-rog-strix-scope-deluxe-gaming-keyboard-review-200x200.png,1,1
THERMALTAKE TTESPORTS NEPTUNE ELITE RGB BLUE SWITCH MECHANICAL GAMING KEYBOARD,8000,TECHLAND,https://www.techlandbd.com/accessories/computer-keyboard/thermaltake-neptune-elite-rgb-blue-keyboard,https://www.techlandbd.com/image/cache/catalog/Keyboard/Thermaltake/thermaltake-neptune-elite-rgb-blue-keyboard-review-200x200.jpg,1,1
MSI VIGOR GK30 RGB GAMING KEYBOARD,3500,TECHLAND,https://www.techlandbd.com/accessories/computer-keyboard/msi-vigor-gk30-rgb-gaming-keyboard,https://www.techlandbd.com/image/cache/catalog/Keyboard/MSI/msi-vigor-gk30-rgb-gaming-keyboard-review-200x200.png,1,1
STEELSERIES APEX 150 RGB BACKLIT GAMING KEYBOARD,9000,TECHLAND,https://www.techlandbd.com/accessories/computer-keyboard/steelseries-apex-150-gaming-keyboard,https://www.techlandbd.com/image/cache/catalog/Keyboard/STEELSERIES/steelseries-apex-150-rgb-gaming-keyboard-keyboard-200x200.jpg,1,1
CORSAIR K95 RGB PLATINUM MECHANICAL GAMING KEYBOARD (CHERRY MX SPEED) -GUNMETAL,16700,TECHLAND,https://www.techlandbd.com/accessories/computer-keyboard/orsair-k95-rgb-platinum-gaming-keyboard-gunmetal,https://www.techlandbd.com/image/cache/catalog/Keyboard/Corsair/K95/Corsair-k95-keyboard-5-200x200.jpg,1,1
RAPOO V500 RGB BACKLIT MECHANICAL GAMING KEYBOARD (2018),4300,TECHLAND,https://www.techlandbd.com/accessories/computer-keyboard/rapoo-v500-rgb-mechanical-gaming-keyboard-2018,https://www.techlandbd.com/image/cache/catalog/Keyboard/Rapoo%20/V500RGB/rapoo-v500rgb-keyboard-2-200x200.jpg,1,1
COOLER MASTER CK350 RGB MECHANICAL GAMING KEYBOARD,5800,TECHLAND,https://www.techlandbd.com/accessories/computer-keyboard/cooler-master-ck350-gaming-keyboard,https://www.techlandbd.com/image/cache/catalog/Keyboard/Cooler-Master/cooler-master-ck350-gaming-keyboard-review-200x200.png,1,1
GIGABYTE FORCE K85 RGB MECHANICAL GAMING KEYBOARD,4000,TECHLAND,https://www.techlandbd.com/accessories/computer-keyboard/gigabyte-force-k85-rgb-mechanical-gaming-keyboard,https://www.techlandbd.com/image/cache/catalog/Keyboard/Fantech/FORCE%20K85/gigabyte-force-k85-rgb-mechanical-gaming-keyboard%20-review-200x200.png,1,1
LOGITECH G512 CARBON RGB MECHANICAL GAMING KEYBOARD,10990,TECHLAND,https://www.techlandbd.com/accessories/computer-keyboard/logitech-g512-carbon-rgb-mechanical-gaming-keyboard,https://www.techlandbd.com/image/cache/catalog/Keyboard/Logitech/logitech-g512-carbon-rgb-mechanical-gaming-keyboard-specifications-200x200.jpg,1,1
RAPOO V500 TKL RGB BACKLIT MECHANICAL GAMING KEYBOARD,3600,TECHLAND,https://www.techlandbd.com/accessories/computer-keyboard/rapoo-v500-rgb-backlit-mechanical-gaming-keyboard,https://www.techlandbd.com/image/cache/catalog/Keyboard/Rapoo%20/V500/Original-Rapoo-V500-Mechanical-Gaming-keyboard-200x200.jpg,1,1
MOTOSPEED K96 (CK107) SIDE ENGRAVED KEYCAPS USB WIRED MECHANICAL GAMING KEYBOARD,3900,TECHLAND,https://www.techlandbd.com/accessories/computer-keyboard/motospeed-k96-usb-wired-mechanical-gaming-keyboard,https://www.techlandbd.com/image/cache/catalog/Keyboard/Motospeed/motospeed-k96-usb-wired-mechanical-gaming-keyboard-review-200x200.jpg,1,1
CORSAIR K70 RGB MK.2 MECHANICAL GAMING KEYBOARD CHERRY MX RED,14999,TECHLAND,https://www.techlandbd.com/accessories/computer-keyboard/corsair-k70-rgb-mk-2-mechanical-gaming-keyboard-cherry-mx-red,https://www.techlandbd.com/image/cache/catalog/Keyboard/Corsair/K70/corsair-k70-rgb-mk-2-mechanical-gaming-keyboard-cherry-mx-red-price-in-bd-200x200.png,1,1
CORSAIR K70 RGB MK.2 RAPIDFIRE MECHANICAL GAMING KEYBOARD CHERRY MX SPEED,15300,TECHLAND,https://www.techlandbd.com/accessories/computer-keyboard/corsair-k70-rgb-rapidfire-mechanical-gaming-keyboard,https://www.techlandbd.com/image/cache/catalog/Keyboard/Corsair/K70/corsair-k70-rgb-rapidfire-mechanical-gaming-keyboard-review-200x200.png,1,1
CORSAIR K70 RGB MK.2 LOW PROFILE RAPIDFIRE MECHANICAL GAMING KEYBOARD CHERRY MX LOW PROFILE SPEED,15000,TECHLAND,https://www.techlandbd.com/accessories/computer-keyboard/corsair-k70-rgb-rapidfire-cherry-mx-mechanical-gaming-keyboard,https://www.techlandbd.com/image/cache/catalog/Keyboard/Corsair/K70/corsair-k70-rgb-rapidfire-cherry-mx-mechanical-gaming-keyboard-review-200x200.png,1,1
FANTECH KX-302 MAJOR GAMING KEYBOARD AND MOUSE COMBO,2250,TECHLAND,https://www.techlandbd.com/accessories/computer-keyboard/fantech-kx-302-major-gaming-keyboard-and-mouse-combo,https://www.techlandbd.com/image/cache/catalog/Keyboard/Fantech/KX-302/fantech-kx-302-major-gaming-keyboard-and-mouse-combo-review-200x200.jpg,1,1
FANTECH MAX PRO MK851 RGB MECHANICAL SWITCH KEYBOARD,6500,TECHLAND,https://www.techlandbd.com/accessories/computer-keyboard/fantech-max-pro-mk851-rgb-mechanical-switch-keyboard,https://www.techlandbd.com/image/cache/catalog/Keyboard/Fantech/MK851/fantech-max-pro-mk851-rgb-mechanical-switch-keyboard-details-200x200.jpg,1,1
CORSAIR K68 RGB MECHANICAL CHERRY MX RED GAMING KEYBOARD,7500,TECHLAND,https://www.techlandbd.com/accessories/computer-keyboard/corsair-k68-rgb-mechanical-cherry-mx-red-gaming-keyboard,https://www.techlandbd.com/image/cache/catalog/Keyboard/Corsair/k68/corsair-k68-rgb-mechanical-cherry-mx-red-gaming-keyboard-review-200x200.jpg,1,1
COUGAR PURI TKL RGB MECHANICAL GAMING KEYBOARD,5800,TECHLAND,https://www.techlandbd.com/accessories/computer-keyboard/cougar-puri-tkl-rgb-mechanical-gaming-keyboard,https://www.techlandbd.com/image/cache/catalog/Keyboard/Cougar/PURI%20TKL%20RGB/puritklrgb-8-min-200x200.jpg,1,1
COUGAR PURI RGB MECHANICAL GAMING KEYBOARD,6200,TECHLAND,https://www.techlandbd.com/accessories/computer-keyboard/cougar-puri-rgb-mechanical-gaming-keyboard,https://www.techlandbd.com/image/cache/catalog/Keyboard/Cougar/cougar-puri-rgb-mechanical-gaming-keyboard-200x200w.png,1,1
RAZER HUNTSMAN ELITE OPTO-MECHANICAL SWITCH GAMING KEYBOARD,19500,TECHLAND,https://www.techlandbd.com/accessories/computer-keyboard/razer-huntsman-elite-keyboard,https://www.techlandbd.com/image/cache/catalog/Keyboard/Razer/razer-huntsman-elite-keyboard-review-200x200w.jpg,1,1
RAZER BLACKWIDOW ELITE MECHANICAL GAMING KEYBOARD,11700,TECHLAND,https://www.techlandbd.com/accessories/computer-keyboard/razer-blackwidow-elite-mechanical-gaming-keyboard,https://www.techlandbd.com/image/cache/catalog/Keyboard/Razer/razer-blackwidow-elite-mechanical-gaming-keyboard-review-200x200w.jpg,1,1
LOGITECH G613 WIRELESS MECHANICAL GAMING KEYBOARD,8990,TECHLAND,https://www.techlandbd.com/accessories/computer-keyboard/logitech-g-613-gaming-keyboard,https://www.techlandbd.com/image/cache/catalog/Keyboard/Logitech/Gaming/logitech-g-613-gaming-keyboard-details-200x200.jpg,1,1
FANTECH MVP861 COMMANDER MECHANICAL KEYBOARD MOUSE COMBO,4600,TECHLAND,https://www.techlandbd.com/accessories/computer-keyboard/fantech-mvp861-mechanical-keyboard-mouse-combo,https://www.techlandbd.com/image/cache/catalog/Keyboard/Fantech/MVP861/fantech-mvp861-mechanical-keyboard-review-200x200.jpg,1,1
RAZER BLACKWIDOW X CHROMA MULTI-COLOR MECHANICAL GAMING KEYBOARD GUNMETAL EDITION,12700,TECHLAND,https://www.techlandbd.com/accessories/computer-keyboard/razer-blackwidow-x-chroma-keyboard-gunmetal-edition,https://www.techlandbd.com/image/cache/catalog/Keyboard/Razer/razer-blackwidow-x-chroma-keyboard-price-in-bd-200x200.jpg,1,1
A4 TECH BLOODY B125 ILLUMINATE WATER-RESISTANT BACKLIT GAMING KEYBOARD,1990,TECHLAND,https://www.techlandbd.com/accessories/computer-keyboard/a4tech-bloody-b125-illuminate-gaming-keyboard,https://www.techlandbd.com/image/cache/catalog/Keyboard/A4tech/Bloody/bloody-b125-gaming-keyboard-price-in-bangladesh-200x200.jpg,1,1
MOTOSPEED CK61 RGB MECHANICAL GAME KEYBOARD,4000,TECHLAND,https://www.techlandbd.com/accessories/computer-keyboard/Motospeed-CK6-keyboard,https://www.techlandbd.com/image/cache/catalog/Keyboard/Motospeed/CK61/motospeet-CK61-keyboard-review-200x200w.PNG,1,1
MOTOSPEED G7000 WIRELESS KEYBOARD MOUSE COMBO,1300,TECHLAND,https://www.techlandbd.com/accessories/computer-keyboard/motospeed-g7000-keyboard-mouse-combo,https://www.techlandbd.com/image/cache/catalog/Keyboard/Motospeed/G7000/motospeed-g7000-combo-keyboard-mouse-price-in-bangladesh-200x200h.png,1,1
MOTOSPEED G4000 WIRELESS COMBO KEYBOARD MOUSE COMBO,1500,TECHLAND,https://www.techlandbd.com/accessories/computer-keyboard/motospeed-g4000-keyboard-mouse-comboo,https://www.techlandbd.com/image/cache/catalog/Keyboard/Motospeed/password/motospeed-g4000-mouse-keyboard-combo-200x200.jpg,1,1
MOTOSPEED CK95 WIRED RED SWITCH MECHANICAL GAMING KEYBOARD,2700,TECHLAND,https://www.techlandbd.com/accessories/computer-keyboard/motospeed-ck95-mechanical-rgb-keyboard,https://www.techlandbd.com/image/cache/catalog/Keyboard/Motospeed/CK95/motospeed-ck95-keyboard-specification-200x200.jpg,1,1
MOTOSPEED (CK107) SIDE LASER WIRED MECHANICAL RGB KEYBOARD,3700,TECHLAND,https://www.techlandbd.com/accessories/computer-keyboard/motospeed-ck107-mechnical-keyboard,https://www.techlandbd.com/image/cache/catalog/Keyboard/Motospeed/motospeed-ck107-keyboard-price-in-bangladesh-200x200.jpg,1,1
MOTOSPEED K84 (CK104) WIRED MECHANICAL RGB BLACK KEYBOARD,4100,TECHLAND,https://www.techlandbd.com/accessories/computer-keyboard/motospeed-ck104-keyboard,https://www.techlandbd.com/image/cache/catalog/Keyboard/Motospeed/CK104/motospeed-motospeed-ck104-keyboard-price-in-bangladesh-200x200h.png,1,1
GIGABYTE FORCE K83 CHERRY MX MECHANICAL KEY-SWITCH GAMING KEYBOARD,0000,TECHLAND,https://www.techlandbd.com/accessories/computer-keyboard/gigabyte-force-k83-keyboard,https://www.techlandbd.com/image/cache/catalog/Keyboard/Gigabyte/FORCE%20K83/force-k83-keyboard-200x200.png,1,1
GIGABYTE AORUS K7 CHERRY MX MECHANICAL GAMING KEY-SWITCH RGB GAMING KEYBOARD,0000,TECHLAND,https://www.techlandbd.com/accessories/computer-keyboard/aorus-k7-mechanical-gaming-keyboard,https://www.techlandbd.com/image/cache/catalog/Keyboard/Gigabyte/K7%20/techlandbd-gigabyte-arous-k7-gaming-keyboard-1-200x200.png,1,1
FANTECH K613 PROFESSIONAL USB GAME BACKLIT KEYBOARD 87-KEY WIRED GAME KEYBOARD,1350,TECHLAND,https://www.techlandbd.com/accessories/computer-keyboard/fantech-fighter-k613-keyboard,https://www.techlandbd.com/image/cache/catalog/Keyboard/Fantech/k613/techlandbd-fantech-fighter-k613-2-200x200.jpg,1,1
FANTECH ARCHER K512 RGB WATERPROOF ERGONOMIC 35KEYS ONE-HAND GAMING KEYBOARD,1600,TECHLAND,https://www.techlandbd.com/accessories/computer-keyboard/fantech-k512-one-hand-keyboard,https://www.techlandbd.com/image/cache/catalog/Keyboard/Fantech/K512/techlandbd-fantech-k512-3-200x200.jpg,1,1
REDRAGON S101-UK RGB GAMING KEYBOARD AND GAMING MOUSE COMBO,3300,TECHLAND,https://www.techlandbd.com/accessories/computer-keyboard/redragon-s101-uk-rgb-gaming-combo,https://www.techlandbd.com/image/cache/catalog/Keyboard/Redragon/S101-UK/techlandbd-Redragon-S101-UK-RGB-combo-200x200.png,1,1
REDRAGON K551RGB MITRA RGB BACKLIT BLUE SWITCHES MECHANICAL KEYBOARD,4800,TECHLAND,https://www.techlandbd.com/accessories/computer-keyboard/redragon-k551rgb-mitra-keyboard,https://www.techlandbd.com/image/cache/catalog/Keyboard/Redragon/Mitra/techlandbd-redragon-mitra-keyboard-200x200.png,1,1
REDRAGON K583 IDA ONE-HANDED RGB MECHANICAL GAMING KEYBOARD,3100,TECHLAND,https://www.techlandbd.com/accessories/computer-keyboard/redragon-k583-rgb-one-hand-mechanical-gaming-keyboard,https://www.techlandbd.com/image/cache/catalog/Keyboard/Redragon/K583/techlandbd-Redragon-K583-RGB-Wrist-Rest-One-Hand-200x200.jpg,1,1
FANTECH K611 FIGHTER GAMING KEYBOARD,1300,TECHLAND,https://www.techlandbd.com/accessories/computer-keyboard/fantech-k611-fighter-rgb-gaming-keyboard,https://www.techlandbd.com/image/cache/catalog/Keyboard/Fantech/k611/techlandbd-fantech-k611-200x200.jpg,1,1
MSI INTERCEPTOR DS4100 GAMING KEYBOARD,1600,TECHLAND,https://www.techlandbd.com/accessories/computer-keyboard/msi-interceptor-ds4100-gaming-keyboard,https://www.techlandbd.com/image/cache/catalog/Keyboard/MSI/techlandbd-Interceptor-DS4100-keyboard-200x200w.png,1,1
RAPOO GAMING VPRO V110S COMBO KEYBOARD,2500,TECHLAND,https://www.techlandbd.com/accessories/computer-keyboard/rapoo-gaming-vpro-v110s-combo-keyboard,https://www.techlandbd.com/image/cache/catalog/Keyboard/Rapoo%20/vpro-v110s-1-500x500-200x200.jpg,1,1
ASUS TUF GAMING K7 OPTICAL-MECH KEYBOARD ,8700,TECHLAND,https://www.techlandbd.com/accessories/computer-keyboard/asus-tuf-gaming-k7-keyboard,https://www.techlandbd.com/image/cache/catalog/Keyboard/Asus/asus-k7-200x200.jpg,1,1
FANTECH K613L FIGHTER PROFESSIONAL USB GAMING KEYBOARD,1350,TECHLAND,https://www.techlandbd.com/accessories/computer-keyboard/fantech-k613l-fighter-professional-keyboard,https://www.techlandbd.com/image/cache/catalog/Keyboard/Fantech/techlandbd-fantech-fighter-k613l-200x200.jpg,1,1
REDRAGON S107 GAMING KEYBOARD MOUSE MOUSE PAD COMBO,3000,TECHLAND,https://www.techlandbd.com/accessories/computer-keyboard/redragon-s107-combo,https://www.techlandbd.com/image/cache/catalog/Keyboard/Redragon/techlandbd-Redragon%20S107-1-200x200.png,1,1
CORSAIR K70 RGB MK.2 CHERRY MX RED SWITCH MECHANICAL GAMING KEYBOARD,14900,TECHLAND,https://www.techlandbd.com/accessories/computer-keyboard/corsair-k70-rgb-mk-2-keyboard ,https://www.techlandbd.com/image/cache/catalog/Keyboard/Corsair/K70/techlandbd-Corsair-K70-RGB-MK-2-Low-Profile-keyboard-1-200x200.png,1,1
CORSAIR K95 RGB PLATINUM MECHANICAL GAMING KEYBOARD (CHERRY MX SPEED),16700,TECHLAND,https://www.techlandbd.com/accessories/computer-keyboard/corsair-k95-rgb-platinum-keyboard,https://www.techlandbd.com/image/cache/catalog/Keyboard/Corsair/K95/Corsair-k95-keyboard-5-200x200.jpg,1,1
A4TECH KB-8A SMART KEY KEYBOARD,800,TECHLAND,https://www.techlandbd.com/accessories/computer-keyboard/a4tech-kb-8a-smart-keyboard,https://www.techlandbd.com/image/cache/catalog/Keyboard/A4tech/techlandbd-a4tech-kb-8a-200x200w.jpg,1,1
RAPOO E9080 WIRELESS TOUCHPAD KEYBOARD,3690,TECHLAND,https://www.techlandbd.com/accessories/computer-keyboard/rapoo-e9080-wireless-touchpad-keyboard,https://www.techlandbd.com/image/cache/catalog/Keyboard/Rapoo%20/techlandbd-rapoo-e9080-200x200.jpg,1,1
RAPOO X8210 WIRELESS MOUSE & KEYBOARD COMBO,2250,TECHLAND,https://www.techlandbd.com/accessories/computer-keyboard/rapoo-x8210-combo,https://www.techlandbd.com/image/cache/catalog/Keyboard/Rapoo%20/techlandbd-Rapoo%20X8210-200x200.png,1,1
RAPOO X8100 WIRELESS MULTI-MEDIA KEYBOARD & OPTICAL MOUSE COMBO,2000,TECHLAND,https://www.techlandbd.com/accessories/computer-keyboard/rapoo-x8100-combo,https://www.techlandbd.com/image/cache/catalog/Keyboard/Rapoo%20/techlandbd-Rapoo%20X8100-200x200.jpg,1,1
RAPOO 8000P WIRELESS MOUSE & KEYBOARD COMBO,1450,TECHLAND,https://www.techlandbd.com/accessories/computer-keyboard/rapoo-8000p-keyboard-mouse-combo,https://www.techlandbd.com/image/cache/catalog/Keyboard/Rapoo%20/techlandbd-Rapoo-8000p-200x200w.png,1,1
RAPOO N1820 WIRED OPTICAL MOUSE & KEYBOARD COMBO ,745,TECHLAND,https://www.techlandbd.com/accessories/computer-keyboard/rapoo-n1820-combo,https://www.techlandbd.com/image/cache/catalog/Keyboard/Rapoo%20/techlandbd-rapoo%20N1820-200x200w.png,1,1
RAPOO N2500 WIRED KEYBOARD,460,TECHLAND,https://www.techlandbd.com/accessories/computer-keyboard/rapoo-n2500,https://www.techlandbd.com/image/cache/catalog/Keyboard/Rapoo%20/techlandbd-rapoo-nk2500-keyboard-200x200.jpg,1,1
RAPOO NK1700 WIRED USB 2.0 KEYBOARD ,510,TECHLAND,https://www.techlandbd.com/accessories/computer-keyboard/rapoo-nk1700-wired-keyboard,https://www.techlandbd.com/image/cache/catalog/Keyboard/Rapoo%20/techlandbd-Rapoo%20NK1700-200x200.jpg,1,1
FANTECH K511 HUNTER PRO BACKLIT GAMING KEYBOARD,1000,TECHLAND,https://www.techlandbd.com/accessories/computer-keyboard/fantech-k511-hunter-pro-backlit-gaming-keyboard,https://www.techlandbd.com/image/cache/catalog/Keyboard/Fantech/techlandbd-Fantech%20k511%20Hunter%20Pro-1-200x200.jpg,1,1
FANTECH MK872 RGB OPTILITE TOURNAMENT EDITION RGB OPTICAL SWITCH KEYBOARD,5150,TECHLAND,https://www.techlandbd.com/accessories/computer-keyboard/fantech-mk872rgb-optilite-keyboard,https://www.techlandbd.com/image/cache/catalog/Keyboard/Fantech/MK872/Techlandbd-FANTECH-MK872-Keyboard-3-200x200.jpg,1,1
FANTECH MK885RGB OPTIMAX FULL SIZE EDITION RGB OPTICAL SWITCH KEYBOARD,5000,TECHLAND,https://www.techlandbd.com/accessories/computer-keyboard/fantech-mk885-rgb-keyboard,https://www.techlandbd.com/image/cache/catalog/Keyboard/Fantech/MK885/fantech-mk885-optimax-techlandbd-200x200.jpg,1,1
FANTECH MK884RGB OPTILUXS FULL SIZE RGB OPTICAL SWITCH KEYBOARD,5800,TECHLAND,https://www.techlandbd.com/accessories/computer-keyboard/fantech-mk884rgb-optiluxs-keyboard,https://www.techlandbd.com/image/cache/catalog/Keyboard/Fantech/techlandbd-Fantech%20MK884RGB%20Optiluxs-200x200.jpg,1,1
FANTECH MVP 862 COMMANDER MACRO RGB KEYBOARD MOUSE COMBO ,5490,TECHLAND,https://www.techlandbd.com/accessories/computer-keyboard/fantech-mvp-862-commernder-rgb-keyboard-mouse-combo,https://www.techlandbd.com/image/cache/catalog/Keyboard/Fantech/techlandbd-Fantech%20MVP%20862-200x200w.jpg,1,1
LOGITEC G613 WIRELESS MECHANICAL GAMING KEYBOARD,9000,TECHLAND,https://www.techlandbd.com/accessories/computer-keyboard/logitec-g613-mechanical-keyboard,https://www.techlandbd.com/image/cache/catalog/Keyboard/Logitech/techlandbd-Logitec%20G613-200x200w.jpeg,1,1
RAPOO V810 MECHANICAL GAMING KEYBOARD,8000,TECHLAND,https://www.techlandbd.com/accessories/computer-keyboard/rapoo-v810-mechanical-keyboard,https://www.techlandbd.com/image/cache/catalog/Keyboard/Rapoo%20/techlandbd-Rapoo%20V810-1-200x200.jpg,1,1
RAPOO V720 FULL COLOR RGB BACKLIGHT GAME MECHANICAL KEYBOARD,6699,TECHLAND,https://www.techlandbd.com/accessories/computer-keyboard/rapoo-v720-full-ccolor ,https://www.techlandbd.com/image/cache/catalog/Keyboard/Rapoo%20/techlandbd-rapoo%20V720-black-200x200.jpg,1,1
RAPOO V510 VPRO BACKLIT MECHANICAL GAMING KEYBOARD,3675,TECHLAND,https://www.techlandbd.com/accessories/computer-keyboard/rapoo-v510-vpro-gaming-keyboard,https://www.techlandbd.com/image/cache/catalog/Keyboard/Rapoo%20/techlandbadV510-200x200.jpg,1,1
RAPOO V500S ICE CRYSTAL BACKLIT MECHANICAL GAMING KEYBOARD,2825,TECHLAND,https://www.techlandbd.com/accessories/computer-keyboard/rapoo-v500s-ice-crystal-keyboard,https://www.techlandbd.com/image/cache/catalog/Keyboard/Rapoo%20/techlandbd-rapoo-MT500-keyboard-200x200.jpg,1,1
RAPOO V56 BACKLIT GAMING KEYBOARD,2100,TECHLAND,https://www.techlandbd.com/accessories/computer-keyboard/rapoo-v56-backlit-gaming-keyboard,https://www.techlandbd.com/image/cache/catalog/Keyboard/Rapoo%20/Rapoo-vpro-V56-Gaming-Keyboard-200x200w.jpg,1,1
RAPOO V110 BACKLIT GAMING KEYBOARD & OPTICAL GAMING MOUSE GAMING COMBO,2350,TECHLAND,https://www.techlandbd.com/accessories/computer-keyboard/rapoo-v110-gaming-combo,https://www.techlandbd.com/image/cache/catalog/Keyboard/Rapoo%20/techlandbd-rapoo%20v110-200x200w.png,1,1
RAPOO V52 BACKLIT GAMING KEYBOARD,1850,TECHLAND,https://www.techlandbd.com/accessories/computer-keyboard/rapoo-v52-keyboard,https://www.techlandbd.com/image/cache/catalog/Keyboard/Rapoo%20/techlandbd-rapoo%20V52-200x200w.jpg,1,1
DELUX KM02 MECHANICAL GAMING KEYBOARD,4700,TECHLAND,https://www.techlandbd.com/accessories/computer-keyboard/delux-km02-keyboard,https://www.techlandbd.com/image/cache/catalog/Keyboard/Delux/techlandbd-Delux%20KM-02-200x200.jpg,1,1
GAMDIAS HERMES M1 7 COLOR MECHANICAL GAMING KEYBOARD ,3500,TECHLAND,https://www.techlandbd.com/accessories/computer-keyboard/gmdias-hermes-m1-gaming-keyboard ,https://www.techlandbd.com/image/cache/catalog/Keyboard/Gamdias/techlandbd-HERMES%20M1-200x200w.jpg,1,1
GAMDIAS HERMES P2 RGB GAMING KEYBOARD,5000,TECHLAND,https://www.techlandbd.com/accessories/computer-keyboard/gamdias-harmess-p2-rgb-keyboard,https://www.techlandbd.com/image/cache/catalog/Keyboard/Gamdias/teclandbd-HERMES%20P2%20RGB-200x200w.jpg,1,1
RAPOO X1900 WIRELESS OPTICAL KEYBOARD-MOUSE COMBO,1400,TECHLAND,https://www.techlandbd.com/accessories/computer-keyboard/rapoo-x1900-wireless-optical-combo,https://www.techlandbd.com/image/cache/catalog/Keyboard/Rapoo%20/techlandbd-rapoo-X1900-keyboard-200x200.jpg,1,1
RAPOO 8100 M MULTI-MODE WIRELESS KEYBOARD MOUSE COMBO ,2000,TECHLAND,https://www.techlandbd.com/accessories/computer-keyboard/rapoo-8100m-multi-mode-wireless-keyboard-mouse,https://www.techlandbd.com/image/cache/catalog/Keyboard/Rapoo%20/techlandbd-rapoo-8100M-keyboard-200x200w.jpg,1,1
RAPOO 8200M MULTI-MODE WIRELESS KEYBOARD & MOUSE,2250,TECHLAND,https://www.techlandbd.com/accessories/computer-keyboard/rapoo-8200m-multi-mode-wireless-keyboard-mouse,https://www.techlandbd.com/image/cache/catalog/Keyboard/Rapoo%20/rapoo-8200p-combo-200x200w.jpg,1,1
RAPOO 9060M MULTI-MODE WIRELESS KEYBOARD & MOUSE,3050,TECHLAND,https://www.techlandbd.com/accessories/computer-keyboard/rapoo-9060m-multi-mode-wireless-keyboard-mouse,https://www.techlandbd.com/image/cache/catalog/Keyboard/Rapoo%20/techlandbd-rapoo-9060M-keyboard-200x200w.jpg,1,1
RAPOO NK2500 WIRED KEYBOARD,550,TECHLAND,https://www.techlandbd.com/accessories/computer-keyboard/rapoo-nk2500-wired-keyboard,https://www.techlandbd.com/image/cache/catalog/Keyboard/Rapoo%20/techlandbd-rapoo-nk2500-keyboard-200x200.jpg,1,1
RAPOO V550RGB BACKLIT MECHANICAL GAMING KEYBOARD,2650,TECHLAND,https://www.techlandbd.com/accessories/computer-keyboard/rapoo-v550rgb-gaming-keyboard,https://www.techlandbd.com/image/cache/catalog/Mouse/Rapoo/techlandbd-rapoo%20v550%20rgb-200x200.jpg,1,1
RAPOO E1050 WIRELESS KEYBOARD,850,TECHLAND,https://www.techlandbd.com/accessories/computer-keyboard/rapoo-e1050-keyboard,https://www.techlandbd.com/image/cache/catalog/Keyboard/Rapoo%20/techlandbd-rapoo-E1050-keyboard-200x200.jpg,1,1
RAPOO K2600 WIRELESS TOUCH KEYBOARD,2050,TECHLAND,https://www.techlandbd.com/accessories/computer-keyboard/rapoo-k2600-keyboard,https://www.techlandbd.com/image/cache/catalog/Keyboard/Rapoo%20/techlandbd-rapoo-K2600-keyboard-200x200.jpg,1,1
RAPOO E9270P WIRELESS ULTRA-SLIM KEYBOARD,3750,TECHLAND,https://www.techlandbd.com/accessories/computer-keyboard/rapoo-e9270p-keyboard,https://www.techlandbd.com/image/cache/catalog/Keyboard/Rapoo%20/techlandbd-rapoo-E9270P-keyboard-200x200.jpg,1,1
RAPOO MT500 BACKLIT MECHANICAL KEYBOARD,4000,TECHLAND,https://www.techlandbd.com/accessories/computer-keyboard/rapoo-mt500-keyboard,https://www.techlandbd.com/image/cache/catalog/Keyboard/Rapoo%20/techlandbd-rapoo-MT500-keyboard-200x200.jpg,1,1
RAPOO MT700 BACKLIT MECHANICAL KEYBOARD,6125,TECHLAND,https://www.techlandbd.com/accessories/computer-keyboard/rapoo-mt700-keyboard,https://www.techlandbd.com/image/cache/catalog/Keyboard/Rapoo%20/techlandbd-rapoo-MT700-keyboard-200x200.jpg,1,1
RAPOO V805 BACKLIT MECHANICAL GAMING KEYBOARD,7500,TECHLAND,https://www.techlandbd.com/accessories/computer-keyboard/rapoo-v805-mechanical-keyboard,https://www.techlandbd.com/image/cache/catalog/Keyboard/Rapoo%20/techlandbd-rapoo-V805-200x200.jpg,1,1
THERMALTAKE KNUCKER 4 IN 1 GAMING KIT (MOUSE KEYBOARD MOUSEPAD HEADPHONE) COMBO,5900,TECHLAND,https://www.techlandbd.com/accessories/computer-keyboard/thermaltake-tknucker-4-in-1-gaming-Kit,https://www.techlandbd.com/image/cache/catalog/Mouse/Thermaltake/techlandbd-tharmaltake-knucker-n1-gaming-kit-200x200.jpg,1,1
DELL KM717 PREMIER WIRELESS GAMING KEYBOARD AND MOUSE COMBO,8200,TECHLAND,https://www.techlandbd.com/accessories/computer-keyboard/dell-km717-premier-wireless-combo,https://www.techlandbd.com/image/cache/catalog/Mouse/Dell/techlandbd-dell-premier-wireless-keyboard-and-mouse-km717-200x200.jpg,1,1
DELL AW568 ALIENWARE ADVANCED GAMING KEYBOARD,6800,TECHLAND,https://www.techlandbd.com/accessories/computer-keyboard/dell-aw568-alienware-gaming-keyboard,https://www.techlandbd.com/image/cache/catalog/Keyboard/techlandbd-keyboard-alienware-advanced-aw568-200x200w.jpg,1,1
A4 TECH BLOODY B760 FULL LIGHT STRIKE GAMING KEYBOARD,3750,TECHLAND,https://www.techlandbd.com/accessories/computer-keyboard/bloody-b760-gaming-keyboard,https://www.techlandbd.com/image/cache/catalog/Keyboard/A4tech/techlandbd-bloody%20B760-200x200w.jpg,1,1
A4TECH BLOODY B180R RGB GAMING KEYBOARD,2700,TECHLAND,https://www.techlandbd.com/accessories/computer-keyboard/a4tech-bloody-b130-gaming-keyboard,https://www.techlandbd.com/image/cache/catalog/Keyboard/A4tech/Techland%20B180R-200x200.jpg,1,1
A4TECH BLOODY B130 TURBO ILLUMINATING GAMING KEYBOARD,2200,TECHLAND,https://www.techlandbd.com/accessories/computer-keyboard/a4tech-b130-gaming-keyboard,https://www.techlandbd.com/image/cache/catalog/Keyboard/A4tech/tech%20land%20B130-200x200w.jpg,1,1
A4 TECH BLOODY B820R LIGHT STRIKE RGB ANIMATION GAMING KEYBOARD,5000,TECHLAND,https://www.techlandbd.com/accessories/computer-keyboard/a4tech-bloody-b820r-gaming-keyboard,https://www.techlandbd.com/image/cache/catalog/Keyboard/A4tech/tech%20land%20B820R-200x200.jpg,1,1
RAZER BLACKWIDOW X CHROMA GUNMETAL EDITION RGB MECHANICAL KEYBOARD,12000,TECHLAND,https://www.techlandbd.com/accessories/computer-keyboard/gaming-keyboards-keypads-razer-blackwidow-x-chroma,https://www.techlandbd.com/image/cache/catalog/Keyboard/Razer/techland-blackwidow-x-chroma-200x200.jpg,1,1
RAZER ORNATA CHROMA MULTI-COLOR MEMBRANE RGB GAMING KEYBOARD,7900,TECHLAND,https://www.techlandbd.com/accessories/computer-keyboard/razer-ornata-chroma-multi-color-keyboard,https://www.techlandbd.com/image/cache/catalog/Keyboard/Razer/Techland-Razer%20Ornata%20Chroma%20Multi%20Color%20Membrane%20Gaming%20Keyboard-2-500x500-200x200.jpg,1,1
RAZER CYNOSA PRO DEATHADDER 2000 BUNDLE KEYBOARD & MOUSE COMBO,5700,TECHLAND,https://www.techlandbd.com/accessories/computer-keyboard/razer-cynosa-pro-keyboard-mouse,https://www.techlandbd.com/image/cache/catalog/Keyboard/Razer/Techland-Razer%20Cynosa%20Pro%20-%20Razer%20DeathAdder%202000%20Bundle%20–%203Colors%20LED-200x200.jpg,1,1
RAZER HUNTSMAN OPTO-MECHANICAL SWITCH KEYBOARD,11800,TECHLAND,https://www.techlandbd.com/accessories/computer-keyboard/razer-huntsman-keyboard,https://www.techlandbd.com/image/cache/catalog/Keyboard/Razer/techland-huntsman%20keyboard-200x200.jpg,1,1
RAZER BLACKWIDOW X CHROMA MERCURY EDITION MECHANICAL GAMING KEYBOARD,12000,TECHLAND,https://www.techlandbd.com/accessories/computer-keyboard/razer-x-chroma-mercury-mechanical-keyboard,https://www.techlandbd.com/image/cache/catalog/Keyboard/Razer/techland-razer-x-chroma-mercury-200x200.jpg,1,1
RAZER CYNOSA CHROMA RGB MEMBRANE GAMING KEYBOARD,4900,TECHLAND,https://www.techlandbd.com/accessories/computer-keyboard/razer-cynosa-chroma-multi-color-gaming-keyboard,https://www.techlandbd.com/image/cache/catalog/Keyboard/Razer/techland-Razer%20Cynosa%20Chroma%20Multi%20Color%20Membrane%20Gaming%20Keyboard-200x200w.jpg,1,1
RAZER BLACKWIDOW ULTIMATE 2017 EDITION MECHANICAL KEYBOARD,9900,TECHLAND,https://www.techlandbd.com/accessories/computer-keyboard/razer-blackwidow-ultimate-mechanical-keyboard,https://www.techlandbd.com/image/cache/catalog/Keyboard/Razer/techland-Razer%20BlackWidow%20Ultimate%202017-200x200w.jpeg,1,1
XIAOMI YUEMI MECHANICAL KEYBOARD,5450,TECHLAND,https://www.techlandbd.com/accessories/computer-keyboard/xiaomi-yuemi-mechanical-keyboard,https://www.techlandbd.com/image/cache/catalog/Keyboard/Xiaomi/techland-Xiaomi-Keyboard-200x200.jpg,1,1
XIAOMI MI GAMING KEYBOARD,4350,TECHLAND,https://www.techlandbd.com/accessories/computer-keyboard/xiaomi-mi-gaming-keyboard,https://www.techlandbd.com/image/cache/catalog/Keyboard/Xiaomi/Techland-xiaomi-mi-gaming-keyboard-200x200.jpg,1,1
FANTECH SERGEANT KX301 GAMING KEYBOARD & MOUSE COMBO,1800,TECHLAND,https://www.techlandbd.com/accessories/computer-keyboard/fantech-sergeant-kx301-gaming-combo,https://www.techlandbd.com/image/cache/catalog/Keyboard/Fantech/Techlandbd%20KX-301-Sergeant-Fantech-Mouse-Keyboard-200x200.jpg,1,1
ASUS ROG STRIX FLARE RGB CHERRY MX SWITCHES MECHANICAL GAMING KEYBOARD,13300,TECHLAND,https://www.techlandbd.com/accessories/computer-keyboard/asus-rog-strix-flare-gaming-keyboard,https://www.techlandbd.com/image/cache/catalog/Keyboard/Asus/techland-ROG%20Strix%20Flare-200x200w.jpg,1,1
ASUS ROG CLAYMORE CHERRY MX SWITCH MECHANICAL GAMING KEYBOARD ,17500,TECHLAND,https://www.techlandbd.com/accessories/computer-keyboard/asus-rog-claymore-mechanical-gaming-keyboard,https://www.techlandbd.com/image/cache/catalog/Keyboard/Asus/techland-Asus%20ROG%20Claymore%20Cherry%20MX%20Switch%20Mecha-min-200x200w.jpg,1,1
ASUS CERBERUS MECH RGB MECHANICAL GAMING KEYBOARD,7800,TECHLAND,https://www.techlandbd.com/accessories/computer-keyboard/asus-cerberus-rgb-keyboard,https://www.techlandbd.com/image/cache/catalog/Keyboard/Asus/techland-CERBERUS%20MECH%20RGB-200x200w.jpg,1,1
GIGABYTE GK-KM6150 KEYBOARD AND MOUSE COMBO,800,TECHLAND,https://www.techlandbd.com/accessories/computer-keyboard/gigabyte-gk-km6150-keyboard-mouse-combo,https://www.techlandbd.com/image/cache/catalog/Keyboard/Gigabyte/techland-GIGABYTE%20GK-KM6150%20Keyboard-200x200.jpg,1,1
COUGAR ATTACK X3 RGB SPEEDY MECHANICAL GAMING KEYBOARD,9200,TECHLAND,https://www.techlandbd.com/accessories/computer-keyboard/cougar-attack-x3-rgb-speed-keyboard,https://www.techlandbd.com/image/cache/catalog/Keyboard/Cougar/techland-Attack%20X3%20RGB%20Speedy-min-200x200.jpg,1,1
GAMDIAS GKC6000 ARES ESSENTIAL KEYBOARD MOUSE GAMING COMBO,1950,TECHLAND,https://www.techlandbd.com/accessories/computer-keyboard/gamdias-gkc6000-keyboard-mouse-combo,https://www.techlandbd.com/image/cache/catalog/Keyboard/Gamdias/techland-Gamdias%20GKC6000%20ARES-min-200x200.jpg,1,1
GIGABYTE AORUS K9 RGB OPTICAL MECHANICAL GAMING KEYBOARD,8500,TECHLAND,https://www.techlandbd.com/accessories/computer-keyboard/gigabyte-aorus-k9-rgb-gaming-keyboard,https://www.techlandbd.com/image/cache/catalog/Keyboard/Gigabyte/k9%20RGB/techlandbd-AORUS-K9-Optical-keyboard.4-200x200.png,1,1
LOGITECH G413 MECHANICAL GAMING KEYBOARD,9500,TECHLAND,https://www.techlandbd.com/accessories/computer-keyboard/logitech-g413-mechanical-gaming-keyboard,https://www.techlandbd.com/image/cache/catalog/Keyboard/Logitech/techland-Logitech%20G413-min-200x200.jpg,1,1
FANTECH MK871 RGB PHANTHEON MECHANICAL GAMING KEYBOARD ,3900,TECHLAND,https://www.techlandbd.com/accessories/computer-keyboard/fantech-mk871-rgb-gaming-keyboard ,https://www.techlandbd.com/image/cache/catalog/Keyboard/Fantech/techland-Fantech%20PANTHEON%20MK881RGB-min-200x200w.jpg,1,1
HAVIT HV-KB653GCM WIRELESS KEYBOARD AND MOUSE,1150,TECHLAND,https://www.techlandbd.com/accessories/computer-keyboard/havit-hv-kb653gcm-keyboard-mouse,https://www.techlandbd.com/image/cache/catalog/Mouse/Havit/techland-KB653GCM-min-200x200.jpg,1,1
COUGAR 700K MECHANICAL GAMING KEYBOARD,9600,TECHLAND,https://www.techlandbd.com/accessories/computer-keyboard/cougar-700k-mechanical-gaming-keyboard,https://www.techlandbd.com/image/cache/catalog/Keyboard/Cougar/techland-COUGER%20700K%20Mechanical%20Gaming%20Keyboard-min-200x200w.jpg,1,1
COUGAR ULTIMUS RGB MECHANICAL GAMING KEYBOARD ,6150,TECHLAND,https://www.techlandbd.com/accessories/computer-keyboard/cougar-ultimus-rgb-mechanical-keyboard,https://www.techlandbd.com/image/cache/catalog/Keyboard/Cougar/techland-Cougar%20ULTIMUS%20RGB%20Mechanical%20Gaming%20Keyboard1-min-200x200w.jpg,1,1
GAMDIAS HERMES P1 RGB MECHANICAL GAMING KEYBOARD,6650,TECHLAND,https://www.techlandbd.com/accessories/computer-keyboard/gamdias-harmes-p1-rgb-mechanical-gaming-keyboard ,https://www.techlandbd.com/image/cache/catalog/Accessories/Gamdias/techland-GAMDIAS%20HERMES%20P1%20RGB-min-200x200.jpg,1,1
GAMDIAS GKB3000 HERMES 7 COLOR BACKLIT RGB GAMING MECHANICAL KEYBOARD,4600,TECHLAND,https://www.techlandbd.com/accessories/computer-keyboard/gamdias-hermes-7-color-gkb3000-keyboard,https://www.techlandbd.com/image/cache/catalog/Accessories/Gamdias/techland-GAMDIAS%20HERMES%207-min-200x200w.png,1,1
GAMDIAS ARES P1 RGB GAMING KEYBOARD,2500,TECHLAND,https://www.techlandbd.com/accessories/computer-keyboard/gamdias-ares-p1,https://www.techlandbd.com/image/cache/catalog/Accessories/Gamdias/techland-GAMDIAS%20ARES%20P1-min-200x200.jpg,1,1
GAMDIAS GKC1002 HERMES LITE MECHANICAL KEYBOARD WITH MOUSE COMBO ,4200,TECHLAND,https://www.techlandbd.com/accessories/computer-keyboard/gamdias-hermes-lite-keyboard-mouse-combo,https://www.techlandbd.com/image/cache/catalog/Accessories/Gamdias/techland-GAMDIAS%20GKC1002-200x200.jpg,1,1
GAMDIAS GKC 6000 MEMBRANE KEYBOARD WITH MOUSE COMBO,1950,TECHLAND,https://www.techlandbd.com/accessories/computer-keyboard/gamdias-gkc-6000-membrane-keybord-mouse-combo,https://www.techlandbd.com/image/cache/catalog/Accessories/Gamdias/Techland-Gamdias%20ARES%207%20Color%20ESSENTICAL%20Combo-200x200.jpg,1,1
GAMDIAS ARES 7 COLOR ESSENTICAL COMBO WITH OPTICAL GAMING MOUSE (GKC6001),2250,TECHLAND,https://www.techlandbd.com/accessories/computer-keyboard/Gamdias-ARES-7-Color-ESSENTICAL-Combo ,https://www.techlandbd.com/image/cache/catalog/Accessories/Gamdias/Techland-Gamdias%20ARES%207%20Color%20ESSENTICAL%20Combo-200x200.jpg,1,1
GAMDIAS HERMES E1 GAMING KEYBOARD DEMETER E2 OPTICAL MOUSE AND NYX E1 MOUSE MAT COMBO,4250,TECHLAND,https://www.techlandbd.com/accessories/computer-keyboard/GAMDIAS-HERMES-E1-Combo,https://www.techlandbd.com/image/cache/catalog/Accessories/keyboard/Techland-GAMDIAS%20HERMES%20E1-200x200.jpg,1,1
GAMDIAS POSEIDON M1 GAMING COMBO ARES M1 MEMBRANE KEYBOARD WITH ZEUS E2 OPTICAL MOUSE AND EROS E1 HEADSET,3300,TECHLAND,https://www.techlandbd.com/accessories/computer-keyboard/GAMDIAS-Poseidon-M1-Gaming-Combo,https://www.techlandbd.com/image/cache/catalog/Accessories/Gamdias/Techaland-Gamdias%20POSEIDON%20M1%20COMBO-200x200.jpg,1,1
GAMDIAS POSEIDON E1 GAMING KEYBOARD MOUSE AND HEADSET COMBO,2700,TECHLAND,https://www.techlandbd.com/accessories/computer-keyboard/Gamdias-Poseidon-E1,https://www.techlandbd.com/image/cache/catalog/Accessories/Gamdias/techland-Gamdias%20Poseidon%20E1-200x200.jpg,1,1
BENQ ZOWIE CELERITAS II (US) KEYBOARD GAMING GEAR ,11200,TECHLAND,https://www.techlandbd.com/accessories/computer-keyboard/zowie-celeritas-II-gming-keyboard,https://www.techlandbd.com/image/cache/catalog/Keyboard/Benq%20Zoiwe/techland-ZOWIE%20CELERITAS-min-200x200w.png,1,1
GAMDIAS GKC6011 ARES 7 COLOR BACKLIT RGB MEMBRANE GAMING COMBO KEYBOARD,2750,TECHLAND,https://www.techlandbd.com/accessories/computer-keyboard/gamdias-gkc6011,https://www.techlandbd.com/image/cache/catalog/Accessories/Gamdias/Techland-gamdis-200x200.jpg,1,1
LOGITECH MK240 NANO MOUSE AND KEYBOARD COMBO,2500,TECHLAND,https://www.techlandbd.com/accessories/computer-keyboard/logitech-mk240-nano-mouse-and-keyboard-combo,https://www.techlandbd.com/image/cache/catalog/Keyboard/Logitech/Techland-Logitech%20MK240-200x200w.png,1,1
FANTECH FTK-801 23 KEYS USB NUMERIC KEYPAD,500,TECHLAND,https://www.techlandbd.com/accessories/computer-keyboard/Fantech-FTK-801-Numeric-Keypad-23-Keys,https://www.techlandbd.com/image/cache/catalog/Accessories/Keypad/Techland-fentek-ftk-200x200.jpg,1,1
RAPOO V560 METAL COVER BACKLIT MECHANICAL GAMING KEYBOARD,3100,TECHLAND,https://www.techlandbd.com/accessories/computer-keyboard/rapoo-v560-gaming-keyboard,https://www.techlandbd.com/image/cache/catalog/Keyboard/Rapoo%20/techlandbd-rapoo-V560-keyboard-200x200.jpg,1,1
FANTECH MK-883 RGB MECHANICAL KEYBOARD,4999,TECHLAND,https://www.techlandbd.com/accessories/computer-keyboard/fantech-mk883-rgb-mechanical-keyboard,https://www.techlandbd.com/image/cache/catalog/Keyboard/Fantech/fantech-mk883-rgb-mechanical-keyboard-review-200x200.jpg,1,1
FANTECH MK882 MECHANICAL KEYBOARD,5499,TECHLAND,https://www.techlandbd.com/accessories/computer-keyboard/fantech-mk882-mechanical-keyboard,https://www.techlandbd.com/image/cache/catalog/Keyboard/Fantech/Fantech%20Pantheon%20MK882%20Keyboard-200x200w.jpg,1,1
FANTECH K610 RGB BACKLIT GAMING KEYBOARD,1599,TECHLAND,https://www.techlandbd.com/accessories/computer-keyboard/fantech-k610-gaming-keyboard,https://www.techlandbd.com/image/cache/catalog/Keyboard/Fantech/fantech-k610-zexter-rgb-backlit-gaming-keyboard-200x200w.jpg,1,1
FANTECH FIGHTER K611L BACKLIT GAMING KEYBOARD,1600,TECHLAND,https://www.techlandbd.com/accessories/computer-keyboard/fantech-k611-gaming-keyboard,https://www.techlandbd.com/image/cache/catalog/Keyboard/Fantech/Fantech%20K611%20RGB%20Backlit%20Gaming%20Keyboard-200x200w.jpg,1,1
COUGAR 450K HYBRID MECHANICAL GAMING KEYBOARD,0000,TECHLAND,https://www.techlandbd.com/accessories/computer-keyboard/Cougar-450K-Gaming-Keyboard,https://www.techlandbd.com/image/cache/catalog/Keyboard/Cougar/techlandbd-cougar-450k-keyboard-200x200.jpg,1,1
COUGAR ATTACK X3 RGB GAMING KEYBOARD,8600,TECHLAND,https://www.techlandbd.com/accessories/computer-keyboard/Cougar-Attack-X3-Rgb-Mechanical-gaming-Keyboard,https://www.techlandbd.com/image/cache/catalog/Gaming%20accessories/Cougar/Cougar%20Attack%20X3%20RGB%20Gaming%20Keyboard-200x200w.jpg,1,1
GENIUS KB-8000X WIRELESS MULTIMEDIA KEYBOARD & MOUSE,1250,TECHLAND,https://www.techlandbd.com/accessories/computer-keyboard/Genius-Wireless-Keyboard-KB-8000X,https://www.techlandbd.com/image/cache/catalog/Keyboard/Genius/Genius%20KB-8000X-200x200w.jpg,1,1
GENIUS KB-110 USB BASIC KEYBOARD ,550,TECHLAND,https://www.techlandbd.com/accessories/computer-keyboard/genius-kb-110-usb-basic-keyboard,https://www.techlandbd.com/image/cache/catalog/Mouse/Genius/Genius%20KB-110%20USB%20Basic%20Keyboard-200x200w.jpg,1,1
COUGAR PURI TKL MECHANICAL GAMING KEYBOARD ( CHERRY MX MECHANICAL ),5400,TECHLAND,https://www.techlandbd.com/accessories/computer-keyboard/cougar-puriI-tkl-mechanical-keyboard,https://www.techlandbd.com/image/cache/catalog/Gaming%20accessories/Cougar/Cougar%20PURI%20TKL1%20Mechanical%20Gaming%20Keyboard-200x200w.JPG,1,1
COUGAR PURI BACKLIT MECHANICAL GAMING KEYBOARD (CHERRY MX MECHANICAL),6200,TECHLAND,https://www.techlandbd.com/accessories/computer-keyboard/cougar-puri-mechanical-gaming-keyboard,https://www.techlandbd.com/image/cache/catalog/Keyboard/Cougar/Puri/cougar-puri-main-200x200.jpg,1,1
MOTOSPEED K11 BACKLIGHT GAMING KEYBOARD,2400,TECHLAND,https://www.techlandbd.com/accessories/computer-keyboard/motospeed-K11-gaming-keyboard,https://www.techlandbd.com/image/cache/catalog/Keyboard/Motospeed/Motospeed-K11-backlight-Gaming-Keyboard-price-in-bd-200x200.jpg,1,1
MOTOSPEED CK108 SWITCHES BACKLIT SATISFY RGB MECHANICAL GAMING KEYBOARD ,5000,TECHLAND,https://www.techlandbd.com/accessories/computer-keyboard/Motospeed-CK108-104-Mechanical-Gaming-Keyboard,https://www.techlandbd.com/image/cache/catalog/Keyboard/Motospeed/Motospeed-CK108-Mechanical-Gaming-Keyboard-price-in-bd-200x200.jpg,1,1
FANTECH PANTHEON MK881RGB BLUE SWITCH CLICKY KEYS RGB MECHANICAL GAMING KEYBOARD,4100,TECHLAND,https://www.techlandbd.com/accessories/computer-keyboard/fantech-pantheon-mk881rgb-mechanical-gaming-keyboard,https://www.techlandbd.com/image/cache/catalog/Keyboard/Fantech/Fantech%20PANTHEON%20MK881RGB%20Mechanical%20Gaming%20Keyboard-200x200w.jpg,1,1
FANTECH K612 SOLDIER ILLUMINATED RGB BACKLIGHT GAMING KEYBOARD 104 KEYS BEST SELLING BANGLADESH,1800,TECHLAND,https://www.techlandbd.com/accessories/computer-keyboard/fantech-soldier-k612-rgb-gaming-keyboard,https://www.techlandbd.com/image/cache/catalog/Keyboard/Fantech/fantech-soldier-k612-rgb-gaming-keyboard-200x200w.jpg,1,1
COUGAR DEATHFIRE EX GAMING HYBRID MECHANICAL KEYBOARD & MICE COMBO,3900,TECHLAND,https://www.techlandbd.com/accessories/computer-keyboard/Cougar-Deathfire-EX-Gaming,https://www.techlandbd.com/image/cache/catalog/Gaming%20accessories/Cougar/Cougar%20Deathfire%20EX%20Gaming%20Keyboard%20Combo-200x200w.jpg,1,1
A4 TECH BLOODY MECHANICAL GAMING KEYBOARD B810R RGB ANIMATION LIGHT STRIKE,5000,TECHLAND,https://www.techlandbd.com/accessories/computer-keyboard/a4-tech-b810r-bloody-gaming-keyboard,https://www.techlandbd.com/image/cache/catalog/Keyboard/A4tech/A4%20Tech%20Bloody%20Mechanical%20Gaming%20Keyboard%20b810r%20RGB-200x200w.jpg,1,1
RAPOO E2710 WIRELESS MULTIMEDIA TOUCH KEYBOARD,3800,TECHLAND,https://www.techlandbd.com/accessories/computer-keyboard/rapoo-e-2710-keyboard,https://www.techlandbd.com/image/cache/catalog/Keyboard/Rapoo%20/rapoo-e-2710-kyeboard-200x200w.jpg,1,1
RAPOO E9180P ULTRA-SLIM WIRELESS KEYBOARD WITH SMART TOUCH CONTROL,3750,TECHLAND,https://www.techlandbd.com/accessories/computer-keyboard/Rapoo-E9180P-Ultra-Slim-Wireless-Keyboard,https://www.techlandbd.com/image/cache/catalog/Keyboard/Rapoo%20/Rapoo-E9180P-Ultra-Slim-Wireless-Keyboard-200x200w.jpg,1,1
CORSAIR GAMING K70 LUX RGB MECHANICAL BACKLIT LED GAMING KEYBOARD,14000,TECHLAND,https://www.techlandbd.com/accessories/computer-keyboard/corsair-k70-lux-gaming-keyboard,https://www.techlandbd.com/image/cache/catalog/Keyboard/Corsair/Corsair-K70-Gaming-Keyboard-200x200w.jpg,1,1
LOGITECH WIRELESS COMBO MK275 WITH KEYBOARD AND MOUSE,2200,TECHLAND,https://www.techlandbd.com/accessories/computer-keyboard/logitech-mk275-keyboard-combo,https://www.techlandbd.com/image/cache/catalog/Keyboard/Logitech/logitech-mk275-keyboard-combo-200x200w.jpg,1,1
LOGITECH MK260R WIRELESS KEYBOARD MOUSE COMBO - BLACK ,2100,TECHLAND,https://www.techlandbd.com/accessories/computer-keyboard/logitech-mk260r-wireless-keyboard-combo,https://www.techlandbd.com/image/cache/catalog/Keyboard/Logitech/logitech-mk260r-wireless-keyboard-combo-200x200w.jpg,1,1
LOGITECH MK235 WIRELESS KEYBOARD AND MOUSE COMBO,2000,TECHLAND,https://www.techlandbd.com/accessories/computer-keyboard/logitech-mk235-keyboard-combo,https://www.techlandbd.com/image/cache/catalog/Keyboard/Logitech/logitech-mk235-keyboard-combo-200x200w.jpg,1,1
LOGITECH WIRELESS COMBO MK345 WITH FULL-SIZE KEYBOARD AND RIGHT-HANDED MOUSE,3500,TECHLAND,https://www.techlandbd.com/accessories/computer-keyboard/Logitech-MK345-Combo-Wireless-Keyboard,https://www.techlandbd.com/image/cache/catalog/Keyboard/Logitech/Logitech-MK345-Combo-Wireless-Keyboard-200x200w.jpg,1,1
LOGITECH K375S MULTI-DEVICE WIRELESS KEYBOARD AND STAND COMBO,2600,TECHLAND,https://www.techlandbd.com/accessories/computer-keyboard/logitech-k375s-multi-device-wireless-keyboard,https://www.techlandbd.com/image/cache/catalog/Keyboard/Logitech/logitech-k375s-wireless-keyboard-200x200w.jpg,1,1
LOGITECH G310 | MECHANICAL GAMING KEYBOARD,11000,TECHLAND,https://www.techlandbd.com/accessories/computer-keyboard/logitech-g310-mechanical-gaming-keyboard,https://www.techlandbd.com/image/cache/catalog/Keyboard/Logitech/logitech-g310-mechanical-gaming-keyboard-200x200w.jpg,1,1
LOGITECH G213 PRODIGY RGB GAMING KEYBOARD,5500,TECHLAND,https://www.techlandbd.com/accessories/computer-keyboard/logitech-g213-prodigy-gaming-keyboard,https://www.techlandbd.com/image/cache/catalog/Gaming%20accessories/logitech-g213-prodigy-gaming-keyboard-200x200w.jpg,1,1
LOGITECH G100S USB WIRED GAMING COMBO,2800,TECHLAND,https://www.techlandbd.com/accessories/computer-keyboard/logitech-g100s-gaming-combo,https://www.techlandbd.com/image/cache/catalog/Keyboard/Logitech/logitech-g100s-gaming-combo-200x200w.jpg,1,1
A4 TECH BLOODY B188 | LIGHT STRIKE KEYS GAMING KEYBOARD - LIGHT STRIKE INNOVATED FASTEST KEY RESPONSE KEYBOARD,2500,TECHLAND,https://www.techlandbd.com/accessories/computer-keyboard/a4-tech-bloody-b188-gaming-keyboard,https://www.techlandbd.com/image/cache/catalog/Keyboard/A4tech/a4-tech-bloody-b188-gaming-keyboard-200x200w.jpg,1,1
GIGABYTE | K-85 GAMING MECHANICAL KEYBOARD,6100,TECHLAND,https://www.techlandbd.com/accessories/computer-keyboard/gigabyte-k-85-keyboard,https://www.techlandbd.com/image/cache/catalog/Keyboard/Gigabyte/gigabyte-k-85-keyboard-200x200w.jpg,1,1
GIGABYTE | KM5300 COMBO KEYBOARD & MOUSE,1380,TECHLAND,https://www.techlandbd.com/accessories/computer-keyboard/gigabyte-km5300-combo-keyboard-and-mouse,https://www.techlandbd.com/image/cache/catalog/Keyboard/Gigabyte/gigabyte-km5300-combo-keyboard-and-mouse-200x200w.jpg,1,1
DELL | WIRED STANDARD KEYBOARD KB216,499,TECHLAND,https://www.techlandbd.com/accessories/computer-keyboard/dell-kb216-usb-keyboard,https://www.techlandbd.com/image/cache/catalog/Keyboard/Hp%20Keyboard/dell-kb216-usb-keyboard-200x200w.jpg,1,1
HP K4000 BLUETOOTH KEYBOARD FOR PC/TABLET/SMARTPHONE,2100,TECHLAND,https://www.techlandbd.com/accessories/computer-keyboard/hp-k4000-wireless-bluetooth-keyboard,https://www.techlandbd.com/image/cache/catalog/Keyboard/Hp%20Keyboard/hp-k4000-bluetooth-keyboard-200x200w.jpg,1,1
HP C2500 COMBO WIRED KEYBOARD & MOUSE,1150,TECHLAND,https://www.techlandbd.com/accessories/computer-keyboard/hp-c2500-combo-wired-keyboard-mouse,https://www.techlandbd.com/image/cache/catalog/Keyboard/Hp%20Keyboard/hp-c2500-combo-wired-keyboard-mouse-200x200w.jpg,1,1
HP K1500 WIRED KEYBOARD,700,TECHLAND,https://www.techlandbd.com/accessories/computer-keyboard/hp-k1500-usb-keyboard,https://www.techlandbd.com/image/cache/catalog/Keyboard/Hp%20Keyboard/hp-k1500-wired-keyboard-200x200w.jpg,1,1
RAPOO 1830 WIRELESS OPTICAL MOUSE & KEYBOARD COMBO,1850,TECHLAND,https://www.techlandbd.com/accessories/computer-keyboard/rapoo-1830-mouse-keyboard-combo,https://www.techlandbd.com/image/cache/catalog/Keyboard/Rapoo%20/rapoo-1830-mouse-keyboard-combo-200x200w.jpg,1,1
RAPOO 8200P 5G MULTIMEDIA PROGRAMMABLE WIRELESS KEYBOARD AND MOUSE COMBO,1950,TECHLAND,https://www.techlandbd.com/accessories/computer-keyboard/rapoo-8200p-combo,https://www.techlandbd.com/image/cache/catalog/Keyboard/Rapoo%20/rapoo-8200p-combo-200x200w.jpg,1,1
RAPOO WIRELESS 8000 MINI MOUSE & KEYBOARD COMBO,1460,TECHLAND,https://www.techlandbd.com/accessories/computer-keyboard/rapoo-wireless-8000-mouse-keyboard-combo,https://www.techlandbd.com/image/cache/catalog/Keyboard/Rapoo%20/rapoo-wireless-8000-mouse-keyboard-combo-200x200w.jpg,1,1
RAPOO X1800 WIRELESS BANGLA KEYBOARD & MOUSE,1350,TECHLAND,https://www.techlandbd.com/accessories/computer-keyboard/rapoo-x1800-keyboard-mouse,https://www.techlandbd.com/image/cache/catalog/Keyboard/Rapoo%20/rapoo-x1800-keyboard-mouse-200x200w.jpg,1,1
GENIUS SLIMSTAR I222 ULTRA SLIM USB MULTIMEDIA KEYBOARD,700,TECHLAND,https://www.techlandbd.com/accessories/computer-keyboard/genius-slimstari222ultraslim-applelike-usb-keyboard,https://www.techlandbd.com/image/cache/catalog/Keyboard/Genius/genius-slimstari222ultraslim-applelike-usb-keyboard-200x200w.jpg,1,1
GENIUS KB-G265 BACKLIT ANTI-GHOSTING GAMING KEYBOARD,2900,TECHLAND,https://www.techlandbd.com/accessories/computer-keyboard/genius-kb-g265-backlit-anti-ghosting-gaming-keyboard,https://www.techlandbd.com/image/cache/catalog/Keyboard/Genius/genius-kb-g265-backlit-anti-ghosting-gaming-keyboard-200x200w.jpg,1,1
GENIUS GX IMPERATOR GAMING KEYBOARD,3350,TECHLAND,https://www.techlandbd.com/accessories/computer-keyboard/genius-gx-imperator-gaming-keyboard,https://www.techlandbd.com/image/cache/catalog/Keyboard/Genius/genius-gx-imperator-gaming-keyboard-200x200.jpg,1,1
A4 TECH BLOODY B328 LIGHT STRIKE GAMING KEYBOARD,2600,TECHLAND,https://www.techlandbd.com/accessories/computer-keyboard/a4-tech-bloody-b328-light-strike-gaming-keyboard,https://www.techlandbd.com/image/cache/catalog/Keyboard/A4tech/a4-tech-bloody-b328-gaming-keyboard-200x200.jpg,1,1
A4 TECH KLS-5 USB SLIM MULTIMEDIA KEYBOARD,650,TECHLAND,https://www.techlandbd.com/accessories/computer-keyboard/a4-tech-kls-5-multimedia-keyboard-black,https://www.techlandbd.com/image/cache/catalog/Keyboard/A4tech/a4-tech-kls-5-mini-multimedia-keyboard-black--200x200w.jpg,1,1
A4 TECH KR-85 COMFORT ROUNDED EDGE KEYCAPS KEYBOARD,600,TECHLAND,https://www.techlandbd.com/accessories/computer-keyboard/a4-tech-kr-85-comfort-rounded-edge-keycaps-keyboard,https://www.techlandbd.com/image/cache/catalog/Keyboard/A4tech/a4-tech-kr-85-comfort-rounded-edge-keycaps-keyboard--200x200w.jpg,1,1
A4 TECH 3000N V-TRACK 2.4G WIRELESS KEYBOARD,1250,TECHLAND,https://www.techlandbd.com/accessories/computer-keyboard/a4-tech-3000n-v-track-wireless-keyboard,https://www.techlandbd.com/image/cache/catalog/Keyboard/A4tech/a4-tech-3000n-v-track-wireless-keyboard-200x200.jpg,1,1
A4TECH BLOODY B2100 BLAZING GAMING KEYBOARD AND MOUSE,2999,TECHLAND,https://www.techlandbd.com/accessories/computer-keyboard/bloody-b2100-blazing-gaming-keyboard-and-mouse,https://www.techlandbd.com/image/cache/catalog/Keyboard/A4tech/bloody-b2100-blazing-gaming-keyboard-and-mouse-200x200w.jpg,1,1
A4TECH BLOODY B1500 COMBO SET KEYBOARD,2900,TECHLAND,https://www.techlandbd.com/accessories/computer-keyboard/a4tech-bloody-b1500-keyboard,https://www.techlandbd.com/image/cache/catalog/Keyboard/A4tech/a4tech-bloody-b1500-keyboard-200x200.jpg,1,1
COOLER MASTER MASTERKEYS LITE L RGB COMBO,4500,TECHLAND,https://www.techlandbd.com/accessories/computer-keyboard/cooler-master-masterkeys-lite-l-rgb,https://www.techlandbd.com/image/cache/catalog/Keyboard/Cooler-Master/cooler-master-masterkeys-lite-l-rgb-combo-200x200w.jpg,1,1
LOGITECH K120 USB KEYBOARD,620,TECHLAND,https://www.techlandbd.com/accessories/computer-keyboard/logitech-k120-usb-keyboard,https://www.techlandbd.com/image/cache/catalog/Keyboard/Logitech/logitech-k120-usb-keyboard--200x200w.jpg,1,1
LOGITECH KEYBOARD K400 WIRELESS TOUCH,2900,TECHLAND,https://www.techlandbd.com/accessories/computer-keyboard/hp-laserjet-enterprise-p3015dn,https://www.techlandbd.com/image/cache/catalog/Keyboard/Logitech/logitech-wireless-touch-keyboard-k400--200x200w.jpg,1,1
HP K2500 WIRELESS KEYBOARD,0000,TECHLAND,https://www.techlandbd.com/accessories/computer-keyboard/hp-k2500-keyboard,https://www.techlandbd.com/image/cache/catalog/Keyboard/hp-k2500-wireless-keyboard-200x200w.jpg,1,1
THERMALTAKE ESPORTS CHALLENGER PRIME GAMING KEYBOARD,2450,TECHLAND,https://www.techlandbd.com/accessories/computer-keyboard/tt-esports-challenge-prime,https://www.techlandbd.com/image/cache/catalog/Keyboard/tt-esports-challenge-prime-200x200w.jpg,1,1
A4TECH BLOODY B120 GAMING KEYBOARD,2200,TECHLAND,https://www.techlandbd.com/accessories/computer-keyboard/bloody-b120-gaming,https://www.techlandbd.com/image/cache/catalog/Keyboard/bloody-b-120-gaming-200x200w.jpg,1,1
A4 TECH KR-83 USB KEYBOARD,600,TECHLAND,https://www.techlandbd.com/accessories/computer-keyboard/a4-tech-kr-83-mouse,https://www.techlandbd.com/image/cache/catalog/Keyboard/a4-tech-kr-83-keyboard-200x200w.jpg,1,1
LOGITECH MK220 COMBO USB WIRELESS KEYBOARD,1750,TECHLAND,https://www.techlandbd.com/accessories/computer-keyboard/logitech-mk220-keyboard,https://www.techlandbd.com/image/cache/catalog/Keyboard/logitech-mk220-200x200w.jpg,1,1
