Product_Title,Price,Shop_Name,URL,Image_Url,Product_Code,Category_Id
RAPOO 8900P 5GHZ ULTRA-SLIM WIRELESS KEYBOARD MOUSE COMBO,4000,TECHLAND,https://www.techlandbd.com/accessories/shop-computer-mouse/rapoo-8900p-keyboard-wireless-mouse-combo,https://www.techlandbd.com/image/cache/catalog/Mouse/Rapoo/COMBO/rapoo-8900p-keyboard-wireless-mouse-combo-200x200.jpg,1,1
RAPOO VT300 RGB IR OPTICAL WIRED GAMING MOUSE (BLACK),2650,TECHLAND,https://www.techlandbd.com/accessories/shop-computer-mouse/rapoo-vt300-optical-gaming-mouse,https://www.techlandbd.com/image/cache/catalog/Mouse/Rapoo/VT300%20/rapoo-vt300-optical-gaming-mouse-200x200.jpg,1,1
RAPOO X120 PRO WIRED KEYBOARD MOUSE COMBO,850,TECHLAND,https://www.techlandbd.com/accessories/shop-computer-mouse/rapoo-x120-pro-keyboard-mouse-combo,https://www.techlandbd.com/image/cache/catalog/Mouse/Rapoo/X120-pro/rapoo-x120-pro-keyboard-mouse-combo-200x200.jpg,1,1
RAPOO X9310 WIRELESS ULTRA-SLIM KEYBOARD & OPTICAL MOUSE COMBO,4000,TECHLAND,https://www.techlandbd.com/accessories/shop-computer-mouse/rapoo-x9310-ultra-slim-keyboard-optical-mouse-combo,https://www.techlandbd.com/image/cache/catalog/Mouse/Rapoo/COMBO/rapoo-x9310-ultra-slim-keyboard-optical-mouse-combo-200x200.jpg,1,1
RAPOO 8000S WIRELESS KEYBOARD MOUSE COMBO,1750,TECHLAND,https://www.techlandbd.com/accessories/shop-computer-mouse/rapoo-8000s-wireless-keyboard-mouse-combo,https://www.techlandbd.com/image/cache/catalog/Mouse/Rapoo/COMBO/rapoo-8000s-wireless-keyboard-mouse-combo-200x200.jpg,1,1
RAPOO N100 WIRED OPTICAL MOUSE,350,TECHLAND,https://www.techlandbd.com/accessories/shop-computer-mouse/rapoo-n100-wired-mouse,https://www.techlandbd.com/image/cache/catalog/Mouse/Rapoo/rapoo-n100/rapoo-n100-wired-mouse-bd-200x200.jpg,1,1
RAPOO N200 WIRED OPTICAL MOUSE,350,TECHLAND,https://www.techlandbd.com/accessories/shop-computer-mouse/rapoo-n200-wired-optical-mouse,https://www.techlandbd.com/image/cache/catalog/Mouse/Rapoo/rapoo%20n200/rapoo-n200-wired-optical-mouse-200x200.jpg,1,1
RAPOO M10 2.4G NANO RECEIVER WIRELESS MOUSE,600,TECHLAND,https://www.techlandbd.com/accessories/shop-computer-mouse/rapoo-m10-wireless-mouse,https://www.techlandbd.com/image/cache/catalog/Mouse/Rapoo/rapoo%20m10/rapoo-m10-wireless-mouse-200x200.jpg,1,1
RAPOO 7200P WIRELESS OPTICAL MOUSE,950,TECHLAND,https://www.techlandbd.com/accessories/shop-computer-mouse/rapoo-7200p-wireless-mouse,https://www.techlandbd.com/image/cache/catalog/Mouse/Rapoo/7200P%20/rapoo-7200p-wireless-mouse-200x200.jpg,1,1
FANTECH RHASTA G10 GAMING MOUSE,450,TECHLAND,https://www.techlandbd.com/accessories/shop-computer-mouse/fantech-rhasta-g10,https://www.techlandbd.com/image/cache/catalog/Mouse/FANTECH/Rhasta/fantech-g10-mouse-200x200.jpg,1,1
FANTECH UX1 HERO ULTIMATE MACRO RGB GAMING MOUSE,5000,TECHLAND,https://www.techlandbd.com/accessories/shop-computer-mouse/fantech-ux1-hero-gaming-mouse,https://www.techlandbd.com/image/cache/catalog/Mouse/FANTECH/new/fantech-ux1-hero-gaming-mouse-200x200.jpg,1,1
FANTECH WGC1 VENOM 2400DPI 2.4GHZ HYBRID WIRELESS GAMING MOUSE,1520,TECHLAND,https://www.techlandbd.com/accessories/shop-computer-mouse/fantech-wgc1-venom-mouse,https://www.techlandbd.com/image/cache/catalog/Mouse/FANTECH/new/fantech-wgc1-venom-mouse-200x200.jpg,1,1
FANTECH X17 BLAKE PRO GAMING MOUSE,2380,TECHLAND,https://www.techlandbd.com/accessories/shop-computer-mouse/fantech-x17-blake-pro-gaming-mouse,https://www.techlandbd.com/image/cache/catalog/Mouse/FANTECH/fantech-x17-blake-pro-gaming-mouse-200x200.jpg,1,1
LENOVO 300 WIRELESS COMPACT MOUSE,800,TECHLAND,https://www.techlandbd.com/accessories/shop-computer-mouse/lenovo-300-wireless-mouse,https://www.techlandbd.com/image/cache/catalog/Mouse/Lenovo/lenovo-300/lenovo-300-wireless-mouse-200x200.jpg,1,1
RAPOO VPRO V120S GAMING KEYBOARD & MOUSE COMBO,2075,TECHLAND,https://www.techlandbd.com/accessories/shop-computer-mouse/rapoo-v120s-gaming-keyboard-mouse-combo,https://www.techlandbd.com/image/cache/catalog/Keyboard/Rapoo%20/V120S/rapoo-v120s-gaming-combo-200x200.jpg,1,1
KWG ORION E2 OPTICAL GAMING MOUSE,600,TECHLAND,https://www.techlandbd.com/accessories/shop-computer-mouse/kwg-orion-e2-optical-mouse,https://www.techlandbd.com/image/cache/catalog/Mouse/KWG/Orion%20E2/kwg-orion-e2-optical-mouse-200x200.jpg,1,1
KWG ORION E1 OPTICAL GAMING MOUSE,600,TECHLAND,https://www.techlandbd.com/accessories/shop-computer-mouse/kwg-orion-e1-optical-mouse,https://www.techlandbd.com/image/cache/catalog/Mouse/KWG/ORION%20E1/kwg-orion-e1-optical-mouse-200x200.jpg,1,1
ROG STRIX CARRY ERGONOMIC 2.4GHZ WIRELESS GAMING MOUSE 7200-DPI,6400,TECHLAND,https://www.techlandbd.com/accessories/shop-computer-mouse/rog-strix-carry-ergonomic-optical-wireless-gaming-mouse,https://www.techlandbd.com/image/cache/catalog/Mouse/asus/ROG%20Strix%20Carry/rog-strix-carry-ergonomic-optical-gaming-mouse-1-min-200x200.jpg,1,1
COOLER MASTER MM711 RGB GAMING MOUSE WITH 16000 DPI AND OPTICAL SENSOR,4600,TECHLAND,https://www.techlandbd.com/accessories/shop-computer-mouse/cooler-master-mm711-gaming-mouse-price-in-bd,https://www.techlandbd.com/image/cache/catalog/Mouse/Cooler%20Master/MM711%20/coolermaster-mm711-black-3-200x200.jpg,1,1
LOGITECH M331 SILENT PLUS WIRELESS MOUSE,1500,TECHLAND,https://www.techlandbd.com/accessories/shop-computer-mouse/logitech-wireless-mouse-m331,https://www.techlandbd.com/image/cache/catalog/Mouse/Logitech/M331/logitech-m331-01-200x200.jpg,1,1
CORSAIR GLAIVE RGB PRO GAMING MOUSE (ALUMINUM),6300,TECHLAND,https://www.techlandbd.com/accessories/shop-computer-mouse/corsair-glaive-rgb-pro-gaming-aluminum-mouse,https://www.techlandbd.com/image/cache/catalog/Mouse/Corsair/Gaming/corsair-glaive-rgb-pro-gaming-mouse-review-200x200.png,1,1
GIGABYTE AORUS M2 6200 DPI OPTICAL RGB GAMING MOUSE,1111,TECHLAND,https://www.techlandbd.com/accessories/shop-computer-mouse/gigabyte-aorus-m2-mouse,https://www.techlandbd.com/image/cache/catalog/Mouse/Gigabyte/Aorus%20M2/AORUS-M2-mouse-2-200x200.jpg,1,1
KWG ORION M1 OPTICAL GAMING MOUSE,1200,TECHLAND,https://www.techlandbd.com/accessories/shop-computer-mouse/kwg-orion-m1-optical-mouse,https://www.techlandbd.com/image/cache/catalog/Mouse/KWG/ORION%20M1/kwg-orion-m1-optical-mouse-200x200.jpg,1,1
KWG ORION P1 OPTICAL GAMING MOUSE,1600,TECHLAND,https://www.techlandbd.com/accessories/shop-computer-mouse/kwg-orion-p1-optical-mouse,https://www.techlandbd.com/image/cache/catalog/Mouse/KWG/kwg-orion-p1-optical-mouse-200x200.jpg,1,1
RAZER VIPER AMBIDEXTROUS WIRED GAMING MOUSE,6500,TECHLAND,https://www.techlandbd.com/accessories/shop-computer-mouse/razer-viper-ambidextrous-gaming-mouse,https://www.techlandbd.com/image/cache/catalog/Mouse/Razer/viper/razer-viper-ambidextrous-gaming-mouse-200x200.jpg,1,1
COOLER MASTER CM310 RGB GAMING MOUSE,2500,TECHLAND,https://www.techlandbd.com/accessories/shop-computer-mouse/cooler-master-cm310-rgb-gaming-mouse,https://www.techlandbd.com/image/cache/catalog/Mouse/Cooler%20Master/cooler-master-cm310-gaming-mouse-spec-200x200.png,1,1
MOTOSPEED CK666 NKRO OPTICAL MECHANICAL RGB GAMING KEYBOARD MOUSE COMBO,4800,TECHLAND,https://www.techlandbd.com/accessories/shop-computer-mouse/motospeed-ck666-nkro-price-in-bd,https://www.techlandbd.com/image/cache/catalog/Keyboard/Motospeed/CK666/motospeed_ck666_keyboard_mouse_combo_4-min-200x200.JPG,1,1
COOLER MASTER MM710 GAMING MOUSE,0,TECHLAND,https://www.techlandbd.com/accessories/shop-computer-mouse/cooler-master-mm710-gaming-mouse,https://www.techlandbd.com/image/cache/catalog/Mouse/Cooler%20Master/cooler-master-mm710-gaming-mouse-review-200x200.png,1,1
MSI CLUTCH GM11 RGB GAMING MOUSE,2200,TECHLAND,https://www.techlandbd.com/accessories/shop-computer-mouse/msi-clutch-gm11-gaming-mouse,https://www.techlandbd.com/image/cache/catalog/Mouse/MSI/msi-clutch-gm11-gaming-mouse-review-200x200.png,1,1
COUGAR REVENGER ST GAMING MOUSE,2000,TECHLAND,https://www.techlandbd.com/accessories/shop-computer-mouse/cougar-revenger-st-gaming-mouse,https://www.techlandbd.com/image/cache/catalog/Mouse/Cougar/REVENGER%20ST/cougar-revenger-st-gaming-mouse-review-200x200.png,1,1
STEELSERIES RIVAL 710 RGB GAMING MOUSE,10000,TECHLAND,https://www.techlandbd.com/accessories/shop-computer-mouse/steelseries-rival-710-gaming-mouse,https://www.techlandbd.com/image/cache/catalog/Mouse/SteelSeries/steelseries-rival-710-gaming-mouse-review-200x200.jpg,1,1
XIAOMI MI WIRELESS 1200DPI MOUSE -BLACK,0000,TECHLAND,https://www.techlandbd.com/accessories/shop-computer-mouse/mi-wireless-mouse-black,https://www.techlandbd.com/image/cache/catalog/Mouse/Xiaomi/mi-mouse2-black-2-min-200x200.jpg,1,1
COUGAR REVENGER 12000 DPI 6 BUTTONS 1000 HZ POLLING GAMING MOUSE,3350,TECHLAND,https://www.techlandbd.com/accessories/shop-computer-mouse/cougar-revenger-gaming-mouse,https://www.techlandbd.com/image/cache/catalog/Mouse/Cougar/REVENGER/cougar-revenger-gaming-mouse--200x200.jpg,1,1
COUGAR REVENGER S 12000 DPI 6 BUTTONS 2000 HZ POLLING GAMING MOUSE,3300,TECHLAND,https://www.techlandbd.com/accessories/shop-computer-mouse/cougar-revenger-s-gaming-mouses,https://www.techlandbd.com/image/cache/catalog/Mouse/Cougar/REVENGER%20S/cougar-revenger-s-gaming-mouse-3-min-200x200.jpg,1,1
A4TECH FG10 FSTYLER WIRELESS MOUSE,600,TECHLAND,https://www.techlandbd.com/accessories/shop-computer-mouse/a4tech-fg10-wireless-mouse,https://www.techlandbd.com/image/cache/catalog/Mouse/A4%20Tech/a4tech-fg10-wireless-mouse-review-200x200.jpg,1,1
LENOVO WIRELESS YOGA GOLD MOUSE,5500,TECHLAND,https://www.techlandbd.com/accessories/shop-computer-mouse/lenovo-wireless-yoga-gold-mouse,https://www.techlandbd.com/image/cache/catalog/Mouse/Lenovo/lenovo-wireless-yoga-gold-mouse-details-200x200.jpg,1,1
LENOVO LEGION M200 RGB GAMING MOUSE,2400,TECHLAND,https://www.techlandbd.com/accessories/shop-computer-mouse/lenovo-legion-m200-rgb-gaming-mouse,https://www.techlandbd.com/image/cache/catalog/Mouse/Lenovo/lenovo-legion-m200-rgb-gaming-mouse-reviews-200x200.JPG,1,1
LENOVO Y GAMING PRECISION MOUSE,3500,TECHLAND,https://www.techlandbd.com/accessories/shop-computer-mouse/lenovo-y-gaming-precision-mouse,https://www.techlandbd.com/image/cache/catalog/Mouse/Lenovo/lenovo-y-gaming-precision-mouse-review-200x200.jpg,1,1
CORSAIR IRONCLAW RGB FPS AND MOBA GAMING MOUSE,5900,TECHLAND,https://www.techlandbd.com/accessories/shop-computer-mouse/corsair-ironclaw-rgb-fps-and-moba-gaming-mouse,https://www.techlandbd.com/image/cache/catalog/Mouse/Corsair/Gaming/corsair-ironclaw-rgb-fps-and-moba-gaming-mouse-review-200x200.png,1,1
CORSAIR IRONCLAW RGB WIRELESS GAMING MOUSE,7500,TECHLAND,https://www.techlandbd.com/accessories/shop-computer-mouse/corsair-ironclaw-rgb-wireless-gaming-mouse,https://www.techlandbd.com/image/cache/catalog/Mouse/Corsair/Gaming/corsair-ironclaw-rgb-wireless-gaming-mouse-200x200.png,1,1
CORSAIR GLAIVE RGB PRO GAMING MOUSE (BLACK),6300,TECHLAND,https://www.techlandbd.com/accessories/shop-computer-mouse/corsair-glaive-rgb-pro-gaming-mouse,https://www.techlandbd.com/image/cache/catalog/Mouse/Corsair/Gaming/corsair-glaive-rgb-pro-gaming-mouse-review-200x200.png,1,1
LOGITECH G502 HERO HIGH PERFORMANCE RGB GAMING MOUSE,8000,TECHLAND,https://www.techlandbd.com/accessories/shop-computer-mouse/logitech-g502-hero-gaming-mouse,https://www.techlandbd.com/image/cache/catalog/Mouse/Logitech/Gaming/logitech-g502-hero-gaming-mouse-review-200x200.jpg,1,1
FANTECH KX-302 MAJOR GAMING KEYBOARD AND MOUSE COMBO,2250,TECHLAND,https://www.techlandbd.com/accessories/shop-computer-mouse/fantech-kx-302-major-gaming-keyboard-and-mouse-combo,https://www.techlandbd.com/image/cache/catalog/Keyboard/Fantech/KX-302/fantech-kx-302-major-gaming-keyboard-and-mouse-combo-review-200x200.jpg,1,1
LOGITECH G300S OPTICAL AMBIDEXTROUS GAMING MOUSE,2800,TECHLAND,https://www.techlandbd.com/accessories/shop-computer-mouse/logitech-g300s-optical-ambidextrous-gaming-mouse,https://www.techlandbd.com/image/cache/catalog/Mouse/Logitech/Gaming/logitech-g300s-optical-ambidextrous-gaming-mouse-review-200x200.jpg,1,1
RAZER NAGA TRINITY - MULTI-COLOR WIRED MMO GAMING MOUSE,8800,TECHLAND,https://www.techlandbd.com/accessories/shop-computer-mouse/razer-naga-trinity-mouse,https://www.techlandbd.com/image/cache/catalog/Mouse/Razer/razer-naga-trinity-mouse-review-200x200.jpg,1,1
LOGITECH G PRO WIRED USB GAMING MOUSE,6500,TECHLAND,https://www.techlandbd.com/accessories/shop-computer-mouse/logitech-g-pro-mouse,https://www.techlandbd.com/image/cache/catalog/Mouse/Logitech/Gpro/Logitech-Gaming-mouse-price-in-bd-200x200h.jpg,1,1
MOTOSPEED V70 3360 12000 DPI WIRED RGB GAMING MOUSE,2500,TECHLAND,https://www.techlandbd.com/accessories/shop-computer-mouse/motospeed-v70-3360-gaming-mouse,https://www.techlandbd.com/image/cache/catalog/Mouse/Motospeed/V70/Motospeed-motospeed-v70-3320-gaming-mouse-200x200.jpg,1,1
MOTOSPEED V70 3320 5000 DPI WIRED RGB GAMING MOUSE,1800,TECHLAND,https://www.techlandbd.com/accessories/shop-computer-mouse/motospeed-v70-3320-mouse,https://www.techlandbd.com/image/cache/catalog/Mouse/Motospeed/V70/Motospeed-motospeed-v70-3320-gaming-mouse-200x200.jpg,1,1
MOTOSPEED V30 4000 DPI 6 BUTTONS RGB WIRED GAMING MOUSE,1500,TECHLAND,https://www.techlandbd.com/accessories/shop-computer-mouse/motospeed-v30-mose,https://www.techlandbd.com/image/cache/catalog/Mouse/Motospeed/V30/Motospeed-v30-gaming-mouse-price-in-bd-200x200.jpg,1,1
MOTOSPEED V100 DUAL SENSOR 6200DPI RGB OPTICAL GAMING MOUSE,2200,TECHLAND,https://www.techlandbd.com/accessories/shop-computer-mouse/motospeed-v100-gaming-mouse,https://www.techlandbd.com/image/cache/catalog/Mouse/Motospeed/V100/motospeed-V100-mouse-price-in-bangladesh-200x200h.png,1,1
MOTOSPEED G370 2.4G FASHION WIRELESS OPTICAL MOUSE,500,TECHLAND,https://www.techlandbd.com/accessories/shop-computer-mouse/motospeed-g-370-mouse,https://www.techlandbd.com/image/cache/catalog/Mouse/Motospeed/G370/MotoSpeed-G370-Mouse-price-in%20bd-200x200h.png,1,1
MOTOSPEED G12 WIRELESS MOUSE,550,TECHLAND,https://www.techlandbd.com/accessories/shop-computer-mouse/motospeed-g12-wireless-mouse,https://www.techlandbd.com/image/cache/catalog/Mouse/Motospeed/G12/motospeed-g12-mouse-price-in-bd-200x200.jpg,1,1
MOTOSPEED G11 2.4G FASHION WIRELESS OPTICAL MOUSE,550,TECHLAND,https://www.techlandbd.com/accessories/shop-computer-mouse/motospeed-g11-fashion-wireless-optical-mouse,https://www.techlandbd.com/image/cache/catalog/Mouse/Motospeed/G11/motospeed-motospeed-g11-mouse-price-in-bd-200x200.jpg,1,1
FANTECH G13 RHASTA II GAMING MOUSE,450,TECHLAND,https://www.techlandbd.com/accessories/shop-computer-mouse/fantech-g13-rhasta-gaming-mouse,https://www.techlandbd.com/image/cache/catalog/Mouse/FANTECH/Rhasta/techlandbd-rhasta-g13-200x200.jpg,1,1
REDRAGON S101-UK RGB GAMING KEYBOARD AND GAMING MOUSE COMBO,3300,TECHLAND,https://www.techlandbd.com/accessories/shop-computer-mouse/redragon-s101-uk-rgb-gaming-combo,https://www.techlandbd.com/image/cache/catalog/Keyboard/Redragon/S101-UK/techlandbd-Redragon-S101-UK-RGB-combo-200x200.png,1,1
STEELSERIES RIVAL 600 DUAL OPTICAL SENSOR 12000 CPI GAMING MOUSE,7850,TECHLAND,https://www.techlandbd.com/accessories/shop-computer-mouse/steelseries-rival-600-gaming-mouse,https://www.techlandbd.com/image/cache/catalog/Mouse/steelseries/Rival-600/techlandbd-Rival-600-Gaming-Mouse-1-200x200h.jpg,1,1
STEELSERIES RIVAL 310 ERGONOMIC GAMING MOUSE,7750,TECHLAND,https://www.techlandbd.com/accessories/shop-computer-mouse/steelseriese-rival-310-mouse,https://www.techlandbd.com/image/cache/catalog/Mouse/steelseries/techlandbd-steelseries-rival-310-mouse-3-200x200w.png,1,1
STEELSERIES RIVAL 110 MATTE 7200 CPI GAMING MOUSE,3200,TECHLAND,https://www.techlandbd.com/accessories/shop-computer-mouse/steelseries-rival-110-mouse,https://www.techlandbd.com/image/cache/catalog/Mouse/steelseries/techlandbd-SteelSeries-Rival-110-200x200h.jpg,1,1
STEELSERIES RIVAL 650 WIRELESS MOUSE,11300,TECHLAND,https://www.techlandbd.com/accessories/shop-computer-mouse/steelseries-rival-650-wireless-mouse,https://www.techlandbd.com/image/cache/catalog/Mouse/steelseries/techlandbd-rival-650-wireless-mouse-200x200h.jpg,1,1
RAZER LANCEHEAD TOURNAMENT EDITION GUNMETAL EDITION RGB GAMING MOUSE,6800,TECHLAND,https://www.techlandbd.com/accessories/shop-computer-mouse/razer-lancehead-gunmetal-mouse,https://www.techlandbd.com/image/cache/catalog/Mouse/Razer/techlandbd-razer-lancehead-tournament-edition-gunmetal-mouse-200x200.jpg,1,1
BENQ ZOWIE EC1-B ERGONOMIC GAMING MOUSE,5999,TECHLAND,https://www.techlandbd.com/accessories/shop-computer-mouse/benq-z-ec1-b-ergonomic-gaming-mouse,https://www.techlandbd.com/image/cache/catalog/Mouse/benq/EC1-B/benq-z-ec1-b-ergonomic-gaming-mouse-review-200x200.png,1,1
REDRAGON S107 GAMING KEYBOARD MOUSE MOUSE PAD COMBO,3000,TECHLAND,https://www.techlandbd.com/accessories/shop-computer-mouse/redragon-s107-combo,https://www.techlandbd.com/image/cache/catalog/Keyboard/Redragon/techlandbd-Redragon%20S107-1-200x200.png,1,1
REDRAGON K560 HARA MECHANICAL GAMING KEYBOARD,4100,TECHLAND,https://www.techlandbd.com/accessories/shop-computer-mouse/redragon-hara-mechanical-gaming-keyboard,https://www.techlandbd.com/image/cache/catalog/Keyboard/Redragon/techlandbd-hara-ru-rainbow-1-200x200.png,1,1
REDRAGON K552-R KUMARA RAINBOW RGB BACKLIT MECHANICAL GAMING KEYBOARD,3900,TECHLAND,https://www.techlandbd.com/accessories/shop-computer-mouse/redragon-k552-r-kumara-rainbow-keyboard,https://www.techlandbd.com/image/cache/catalog/Keyboard/Redragon/techlandbd-redragon-k552-r-3-200x200.png,1,1
REDRAGON M688 SHARK 7200DPI WIRELESS GAMING MOUSE,2100,TECHLAND,https://www.techlandbd.com/accessories/shop-computer-mouse/redragon-m688-shark-wireless-gaming-mouse,https://www.techlandbd.com/image/cache/catalog/Mouse/Redragon/techlandbd-redragon-shark-4-200x200h.png,1,1
REDRAGON M601 CENTROPHORUS 3200 DPI GAMING MOUSE,1400,TECHLAND,https://www.techlandbd.com/accessories/shop-computer-mouse/redragon-m601-centrophorus-mouse,https://www.techlandbd.com/image/cache/catalog/Mouse/Redragon/techlandbd-redragon-m601-1-200x200.png,1,1
REDRAGON EMPEROR M909 RGB USB WIRED GAMING MOUSE,2100,TECHLAND,https://www.techlandbd.com/accessories/shop-computer-mouse/redragon-emperor-m909-rgb-mouse,https://www.techlandbd.com/image/cache/catalog/Mouse/Redragon/techlandbd-redragon-m909-1-200x200.png,1,1
REDRAGON M715 DAGGER HIGH-PRECISION PROGRAMMABLE GAMING MOUSE,1800,TECHLAND,https://www.techlandbd.com/accessories/shop-computer-mouse/redragon-m715-mouse,https://www.techlandbd.com/image/cache/catalog/Mouse/Redragon/techlandbd-redragon-m715-2-200x200.jpg,1,1
REDRAGON M901 PERDITION LED RGB WIRED GAMING MOUSE,2700,TECHLAND,https://www.techlandbd.com/accessories/shop-computer-mouse/redragon-m901-gaming-mouse,https://www.techlandbd.com/image/cache/catalog/Mouse/Redragon/techlandbd-redragon-m901-200x200.png,1,1
THERMALTAKE VENTUS Z WIRED LASER GAMING MOUSE,5000,TECHLAND,https://www.techlandbd.com/accessories/shop-computer-mouse/thermaltake-ventus-z-mouse,https://www.techlandbd.com/image/cache/catalog/Mouse/Thermaltake/Techlandbd-VENTUS%20Z-200x200.jpg,1,1
THERMALTAKE VENTUS X OPTICAL RGB GAMING MOUSE,4000,TECHLAND,https://www.techlandbd.com/accessories/shop-computer-mouse/thermaltake-ventus-x-mouse,https://www.techlandbd.com/image/cache/catalog/Mouse/Thermaltake/Techlandbd-TT%20eSports%20MO-VENTUS%20X%20RGB%20Optical-Wired-Optical-Omron-Black-200x200.jpg,1,1
THERMALTAKE VENTUS R WIRED LASER GAMING MOUSE,3300,TECHLAND,https://www.techlandbd.com/accessories/shop-computer-mouse/thermaltake-ventus-r-mouse,https://www.techlandbd.com/image/cache/catalog/Mouse/Thermaltake/Techlandbd-TT%20eSports%20MO%20VENTUS%20R%20Wired%20Optical%20Omron%20Black-200x200.jpg,1,1
THERMALTAKE TALON ELITE RGB GAMING MOUSE,2500,TECHLAND,https://www.techlandbd.com/accessories/shop-computer-mouse/thermaltake-talon-elite-rgb-mouse,https://www.techlandbd.com/image/cache/catalog/Mouse/Thermaltake/techlandbd-thermaltake-talon-elite-2-200x200.jpg,1,1
THERMALTAKE TALON BLU MO-TLB-WDOOBK-0 WIRED GAMING MOUSE,1500,TECHLAND,https://www.techlandbd.com/accessories/shop-computer-mouse/thermaltake-talon-blu-mo-tlb-wdoobk-01-gaming-mouse,https://www.techlandbd.com/image/cache/catalog/Mouse/Thermaltake/Techlandbd-Thermaltake%20TALON%20Blu-200x200.jpg,1,1
LENOVO N100 WIRELESS MOUSE,700,TECHLAND,https://www.techlandbd.com/accessories/shop-computer-mouse/lenovo-n100-wireless-mouse,https://www.techlandbd.com/image/cache/catalog/Mouse/Lenovo/techlandbd-Lenovo%20N100-200x200.jpg,1,1
RAPOO E9080 WIRELESS TOUCHPAD KEYBOARD,3690,TECHLAND,https://www.techlandbd.com/accessories/shop-computer-mouse/rapoo-e9080-wireless-touchpad-keyboard,https://www.techlandbd.com/image/cache/catalog/Keyboard/Rapoo%20/techlandbd-rapoo-e9080-200x200.jpg,1,1
RAPOO X8210 WIRELESS MOUSE & KEYBOARD COMBO,2250,TECHLAND,https://www.techlandbd.com/accessories/shop-computer-mouse/rapoo-x8210-combo,https://www.techlandbd.com/image/cache/catalog/Keyboard/Rapoo%20/techlandbd-Rapoo%20X8210-200x200.png,1,1
RAPOO X8100 WIRELESS MULTI-MEDIA KEYBOARD & OPTICAL MOUSE COMBO,2000,TECHLAND,https://www.techlandbd.com/accessories/shop-computer-mouse/rapoo-x8100-combo,https://www.techlandbd.com/image/cache/catalog/Keyboard/Rapoo%20/techlandbd-Rapoo%20X8100-200x200.jpg,1,1
RAPOO 8000P WIRELESS MOUSE & KEYBOARD COMBO,1450,TECHLAND,https://www.techlandbd.com/accessories/shop-computer-mouse/rapoo-8000p-keyboard-mouse-combo,https://www.techlandbd.com/image/cache/catalog/Keyboard/Rapoo%20/techlandbd-Rapoo-8000p-200x200w.png,1,1
RAPOO N1820 WIRED OPTICAL MOUSE & KEYBOARD COMBO ,745,TECHLAND,https://www.techlandbd.com/accessories/shop-computer-mouse/rapoo-n1820-combo,https://www.techlandbd.com/image/cache/catalog/Keyboard/Rapoo%20/techlandbd-rapoo%20N1820-200x200w.png,1,1
FANTECH MVP 862 COMMANDER MACRO RGB KEYBOARD MOUSE COMBO ,5490,TECHLAND,https://www.techlandbd.com/accessories/shop-computer-mouse/fantech-mvp-862-commernder-rgb-keyboard-mouse-combo,https://www.techlandbd.com/image/cache/catalog/Keyboard/Fantech/techlandbd-Fantech%20MVP%20862-200x200w.jpg,1,1
FANTECH X15 PHANTOM GAMING MOUSE ,1050,TECHLAND,https://www.techlandbd.com/accessories/shop-computer-mouse/fantech-x15-phantom-gaming-mouse,https://www.techlandbd.com/image/cache/catalog/Mouse/FANTECH/techlandbd-FANTECH%20X15%20PHANTOM-4-200x200.jpg,1,1
FANTECH X4S TITAN 7 BUTTON GAMING MOUSE,1200,TECHLAND,https://www.techlandbd.com/accessories/shop-computer-mouse/fantech-x4s-titan-7-button-mouse,https://www.techlandbd.com/image/cache/catalog/Mouse/FANTECH/techlandbd-Fantech%20X4s%20titan-2-200x200.jpg,1,1
FANTECH V5 WARWICK PROFESSIONAL WIRED GAMING MOUSE,750,TECHLAND,https://www.techlandbd.com/accessories/shop-computer-mouse/fantech-v5-warwick-gaming-mouse,https://www.techlandbd.com/image/cache/catalog/Gaming%20accessories/FANTECH/Fantech%20V5%20Professional%20Wired%20Gaming%20Mouse-200x200w.jpg,1,1
LOGITECH G603 WIRELESS GAMING MOUSE,6300,TECHLAND,https://www.techlandbd.com/accessories/shop-computer-mouse/logitech-g603-mouse,https://www.techlandbd.com/image/cache/catalog/Mouse/Logitech/techlandbd-Logitech%20G603-200x200w.png,1,1
RAPOO MT6610S MULTI-MODE WIRELESS MOUSE BLACK,1500,TECHLAND,https://www.techlandbd.com/accessories/shop-computer-mouse/rapoo-mt6610s-wireless-mouse,https://www.techlandbd.com/image/cache/catalog/mouse/Rapoo/Rapoo-MT6610S-Multi-mode-wireless-mouse-Black-200x200.jpg,1,1
GAMDIAS ZEUS M2 RGB GAMING MOUSE,2300,TECHLAND,https://www.techlandbd.com/accessories/shop-computer-mouse/gamdias-zeus-m2-rgb-mouse,https://www.techlandbd.com/image/cache/catalog/Mouse/Gamdias/techlandbd-Gamdias%20ZEUS%20M2-200x200.PNG,1,1
RAPOO 1620 WIRELESS OPTICAL MOUSE,650,TECHLAND,https://www.techlandbd.com/accessories/shop-computer-mouse/rapoo-1620-mouse,https://www.techlandbd.com/image/cache/catalog/Mouse/Rapoo/techlandbd-rapoo%201620-200x200.png,1,1
RAPOO 3510 PLUS WIRELESS OPTICAL MOUSE,1275,TECHLAND,https://www.techlandbd.com/accessories/shop-computer-mouse/rapoo-3510-plus-mouse,https://www.techlandbd.com/image/cache/catalog/Mouse/Rapoo/techlandbd-rapoo%203510%20Plus-200x200w.png,1,1
RAPOO 6610M MULTI-MODE WIRELESS MOUSE,1500,TECHLAND,https://www.techlandbd.com/accessories/shop-computer-mouse/rapoo-6610-mouse,https://www.techlandbd.com/image/cache/catalog/Mouse/Rapoo/techlandbd-rapoo%206610m-200x200.png,1,1
RAPOO 7200M MULTI-MODE WIRELESS MOUSE,0,TECHLAND,https://www.techlandbd.com/accessories/shop-computer-mouse/rapoo-7200M-multi-mode-wireless-mouse,https://www.techlandbd.com/image/cache/catalog/Mouse/Rapoo/techlandbd-rapoo%201200m-200x200.png,1,1
RAPOO X1900 WIRELESS OPTICAL KEYBOARD-MOUSE COMBO,1400,TECHLAND,https://www.techlandbd.com/accessories/shop-computer-mouse/rapoo-x1900-wireless-optical-combo,https://www.techlandbd.com/image/cache/catalog/Keyboard/Rapoo%20/techlandbd-rapoo-X1900-keyboard-200x200.jpg,1,1
RAPOO 8100 M MULTI-MODE WIRELESS KEYBOARD MOUSE COMBO ,2000,TECHLAND,https://www.techlandbd.com/accessories/shop-computer-mouse/rapoo-8100m-multi-mode-wireless-keyboard-mouse,https://www.techlandbd.com/image/cache/catalog/Keyboard/Rapoo%20/techlandbd-rapoo-8100M-keyboard-200x200w.jpg,1,1
RAPOO 8200M MULTI-MODE WIRELESS KEYBOARD & MOUSE,2250,TECHLAND,https://www.techlandbd.com/accessories/shop-computer-mouse/rapoo-8200m-multi-mode-wireless-keyboard-mouse,https://www.techlandbd.com/image/cache/catalog/Keyboard/Rapoo%20/rapoo-8200p-combo-200x200w.jpg,1,1
RAPOO 9060M MULTI-MODE WIRELESS KEYBOARD & MOUSE,3050,TECHLAND,https://www.techlandbd.com/accessories/shop-computer-mouse/rapoo-9060m-multi-mode-wireless-keyboard-mouse,https://www.techlandbd.com/image/cache/catalog/Keyboard/Rapoo%20/techlandbd-rapoo-9060M-keyboard-200x200w.jpg,1,1
RAPOO T8 WIRELESS LASER TOUCH MOUSE,2850,TECHLAND,https://www.techlandbd.com/accessories/shop-computer-mouse/rapoo-t8-wireless-mouse,https://www.techlandbd.com/image/cache/catalog/Mouse/Rapoo/techlandbd-rapoo%20t8-200x200.png,1,1
RAPOO V280 OPTICAL GAMING MOUSE,1999,TECHLAND,https://www.techlandbd.com/accessories/shop-computer-mouse/rapoo-v280-gaming-mouse,https://www.techlandbd.com/image/cache/catalog/Mouse/Rapoo/techlandbd-rapoo-V280-200x200.jpg,1,1
RAPOO M100 SILENT MULTI-MODE WIRELESS MOUSE,850,TECHLAND,https://www.techlandbd.com/accessories/shop-computer-mouse/rapoo-m100-silent-mouse,https://www.techlandbd.com/image/cache/catalog/Mouse/Rapoo/techlandbd-rapoo%20m100-200x200.png,1,1
RAPOO M300 SILENT MULTI-MODE WIRELESS MOUSE,1375,TECHLAND,https://www.techlandbd.com/accessories/shop-computer-mouse/rapoo-m300-silent-mouse,https://www.techlandbd.com/image/cache/catalog/Mouse/Rapoo/techlandbd-rapoo%20m300-200x200.png,1,1
RAPOO M600SILENT MULTI-MODE WIRELESS MOUSE,1775,TECHLAND,https://www.techlandbd.com/accessories/shop-computer-mouse/rapoo-m600-silent-mouse,https://www.techlandbd.com/image/cache/catalog/Mouse/Rapoo/techlandbd-rapoo%20m600-200x200.png,1,1
RAPOO MT550 MULTI-MODE WIRELESS MOUSE,2000,TECHLAND,https://www.techlandbd.com/accessories/shop-computer-mouse/rapoo-mt550-mouse,https://www.techlandbd.com/image/cache/catalog/Mouse/Rapoo/techlandbd-rapoo%20mt550-200x200w.png,1,1
RAPOO MT750 MULTI-MODE WIRELESS MOUSE,3050,TECHLAND,https://www.techlandbd.com/accessories/shop-computer-mouse/rapoo-mt750-mouse,https://www.techlandbd.com/image/cache/catalog/Mouse/Rapoo/techlandbd-rapoo%20mt750%20-200x200.jpg,1,1
RAPOO MT350 MULTI-MODE WIRELESS MOUSE,1950,TECHLAND,https://www.techlandbd.com/accessories/shop-computer-mouse/rapoo-mt350-mouse,https://www.techlandbd.com/image/cache/catalog/Mouse/Rapoo/techlandbd-rapoo%20mt350-200x200.png,1,1
THERMALTAKE KNUCKER 4 IN 1 GAMING KIT (MOUSE KEYBOARD MOUSEPAD HEADPHONE) COMBO,5900,TECHLAND,https://www.techlandbd.com/accessories/shop-computer-mouse/thermaltake-tknucker-4-in-1-gaming-Kit,https://www.techlandbd.com/image/cache/catalog/Mouse/Thermaltake/techlandbd-tharmaltake-knucker-n1-gaming-kit-200x200.jpg,1,1
ASUS ROG GLADIUS 6400DPI GAMING MOUSE,4600,TECHLAND,https://www.techlandbd.com/accessories/shop-computer-mouse/asus-gladius-gaming-mouse,https://www.techlandbd.com/image/cache/catalog/Mouse/asus/techland-ASUS%20ROG%20Gladius%206400dpi-min-200x200w.jpg,1,1
DELL KM717 PREMIER WIRELESS GAMING KEYBOARD AND MOUSE COMBO,8200,TECHLAND,https://www.techlandbd.com/accessories/shop-computer-mouse/dell-km717-premier-wireless-combo,https://www.techlandbd.com/image/cache/catalog/Mouse/Dell/techlandbd-dell-premier-wireless-keyboard-and-mouse-km717-200x200.jpg,1,1
DELL AW558 ALIENWARE ADVANCED GAMING MOUSE,2800,TECHLAND,https://www.techlandbd.com/accessories/shop-computer-mouse/dell-aw558-alienware-advanced-gaming-mouse ,https://www.techlandbd.com/image/cache/catalog/Mouse/Dell/techlandbd-mouse-alienware-advanced-gaming-aw558-200x200w.jpg,1,1
ASUS ROG PUGIO AURA RGB WIRED GAMING MOUSE,5300,TECHLAND,https://www.techlandbd.com/accessories/shop-computer-mouse/asus-rog-pugio-aura-gaming-mouse,https://www.techlandbd.com/image/cache/catalog/Mouse/asus/techladbd-ASUS ROG PUGIO-200x200w.jpg,1,1
ASUS TUF M5 AMBIDEXTROUS ERGONOMIC RGB GAMING MOUSE,0000,TECHLAND,https://www.techlandbd.com/accessories/shop-computer-mouse/asus-tuf-gaming-m5-mouse,https://www.techlandbd.com/image/cache/catalog/Mouse/asus/Techlandbd-Asus%20TUF Gaming M5-200x200w.png,1,1
ASUS ROG SPATHA WIRED/WIRELESS GAMING MOUSE ,11000,TECHLAND,https://www.techlandbd.com/accessories/shop-computer-mouse/asus-rog-spatha-gaming-mouse ,https://www.techlandbd.com/image/cache/catalog/Mouse/asus/techlandbd-asus-rog_spatha-200x200w.png,1,1
ASUS ROG GLADIUS II WIRED OPTICAL ERGONOMIC GAMING MOUSE ,5800,TECHLAND,https://www.techlandbd.com/accessories/shop-computer-mouse/asus-rog-gladius-II-mouse ,https://www.techlandbd.com/image/cache/catalog/Mouse/asus/Techlandbd-ROG-Gladius-II--200x200w.jpg,1,1
THERMALTAKE TALON RGB MOUSE,1500,TECHLAND,https://www.techlandbd.com/accessories/shop-computer-mouse/thermaltake-talon-rgb-mouse,https://www.techlandbd.com/image/cache/catalog/Mouse/Thermaltake/Techlandbd-Thermaltake%20TALON-200x200.jpg,1,1
THERMALTAKE IRIS OPTICAL RGB GAMING MOUSE,3000,TECHLAND,https://www.techlandbd.com/accessories/shop-computer-mouse/thermaltake-iris-optical-rgb-gaming-mouse,https://www.techlandbd.com/image/cache/catalog/Mouse/Thermaltake/Techlandbd-TT%20eSports%20MO%20IRIS%20Wired%20Optical%20Huano%20Black-200x200.jpg,1,1
THERMALTAKE NEMESIS SWITCH OPTICAL RGB GAMING MOUSE,4500,TECHLAND,https://www.techlandbd.com/accessories/shop-computer-mouse/thermaltake-nemesis-switch-gaming-mouse,https://www.techlandbd.com/image/cache/catalog/Mouse/Thermaltake/Techlandbd-Thermaltake%20MO-Nemesis-Wired-Optical-Omron-Black-MOBA%20Gaming%20Mouse-200x200.jpg,1,1
CORSAIR HARPOON RGB GAMING MOUSE,1500,TECHLAND,https://www.techlandbd.com/accessories/shop-computer-mouse/corsair-harpoon-rgb-gaming-mouse,https://www.techlandbd.com/image/cache/catalog/Mouse/Corsair/CORSAIR-HARPOON-RGB-GAMING-MOUSE-200x200.jpg,1,1
FANTECH ZEUS X5S GAMING MOUSE ,1000,TECHLAND,https://www.techlandbd.com/accessories/shop-computer-mouse/fantech-zeus-x5s-gaming-mouse,https://www.techlandbd.com/image/cache/catalog/Mouse/FANTECH/Techlandbd-Fantech%20Zuis%20x5s-200x200.jpg,1,1
LOGITECH M221 SILENT WIRELESS MOUSE,1190,TECHLAND,https://www.techlandbd.com/accessories/shop-computer-mouse/logitech-m221-mouse,https://www.techlandbd.com/image/cache/catalog/Mouse/Logitech/Techlandbd-logitech-m221-mouse-200x200.png,1,1
LOGITECH M185 PLUG-AND-PLAY WIRELESS MOUSE,1050,TECHLAND,https://www.techlandbd.com/accessories/shop-computer-mouse/logitech-m185-mouse,https://www.techlandbd.com/image/cache/catalog/Mouse/Logitech/Techlandbd-Logitech%20M185-Blue%20mouse-200x200.jpg,1,1
LOGITECH M170 WIRELESS USB MOUSE,900,TECHLAND,https://www.techlandbd.com/accessories/shop-computer-mouse/logitech-m170-mouse,https://www.techlandbd.com/image/cache/catalog/Mouse/Logitech/Techlandbd-Logitec%20m170%20mouse-200x200.png,1,1
A4 TECH 3300N WIRELESS KEYBOARD WITH PADLESS MOUSE,1400,TECHLAND,https://www.techlandbd.com/accessories/shop-computer-mouse/a4-tech-3300n-wireless-keyboard-with-mouse,https://www.techlandbd.com/image/cache/catalog/Mouse/A4%20Tech/Tecland-Mini%20Wireless%20Desktop-200x200.jpg,1,1
A4TECH G3-20NS SILENT CLICK WIRELESS MOUSE,550,TECHLAND,https://www.techlandbd.com/accessories/shop-computer-mouse/a4tech-g3-20ns-silent-click-wireless-mouse,https://www.techlandbd.com/image/cache/catalog/Mouse/A4%20Tech/techland-A4Tech%20G3-20NS%20Silent%20Click%20Wireless%20Mouse-200x200w.jpg,1,1
A4 TECH G3-280N ENERGY-SAVING WIRELESS MOUSE,549,TECHLAND,https://www.techlandbd.com/accessories/shop-computer-mouse/a4-tech-g3-280n-energy-saving-wireless-mouse,https://www.techlandbd.com/image/cache/catalog/Mouse/A4%20Tech/techland-a4-tech%20G3-280N%20mouse-200x200w.png,1,1
A4 TECH G3-300N ENERGY-SAVING WIRELESS MOUSE,550,TECHLAND,https://www.techlandbd.com/accessories/shop-computer-mouse/a4-tech-g3-300n-wireless-mouse,https://www.techlandbd.com/image/cache/catalog/Mouse/A4%20Tech/techland-a4-tech%20G3-300N%20mouse-200x200w.png,1,1
A4 TECH G3-200N ENERGY-SAVING WIRELESS MOUSE,550,TECHLAND,https://www.techlandbd.com/accessories/shop-computer-mouse/a4-tech-g3-200n-wireless-mouse,https://www.techlandbd.com/image/cache/catalog/Mouse/A4%20Tech/techland-A4%20Tech%20G3-200N%20Wireless%20Mouse-200x200w.jpg,1,1
A4 TECH BLOODY J90 RGB 5000CPI GAMING MOUSE,2100,TECHLAND,https://www.techlandbd.com/accessories/shop-computer-mouse/a4tech-bloody-j90rgb-5000cpi,https://www.techlandbd.com/image/cache/catalog/Mouse/A4%20Tech/Techland%20J90%20Bloody%205000cpi%20Gaming%20mouse-200x200w.png,1,1
A4TECH BLOODY Q80 3200CPI GAMING MOUSE,1500,TECHLAND,https://www.techlandbd.com/accessories/shop-computer-mouse/a4tech-bloodyq80-3200cpi-gaming-mouse,https://www.techlandbd.com/image/cache/catalog/Mouse/A4%20Tech/Techland-A4tech%20Bloody%20Q80%20%203200cpi%20Gaming%20mouse-200x200.png,1,1
FANTECH WG7 2000DPI WIRELESS GAMING MOUSE ,500,TECHLAND,https://www.techlandbd.com/accessories/shop-computer-mouse/fantech-wg7-2000dpi-wireless-gaming-mouse ,https://www.techlandbd.com/image/cache/catalog/Mouse/FANTECH/techlND-Fantech%20WG7%202000DPI%20Wireless%20Gaming%20Mouse-min-200x200.jpg,1,1
A4 TECH Q5081S GAMING MOUSE & MOUSE PAD,1700,TECHLAND,https://www.techlandbd.com/accessories/shop-computer-mouse/a4-tech-q5081s-gaming-mouse,https://www.techlandbd.com/image/cache/catalog/Gaming%20accessories/Mouse/A4%20TECH/tech%20land%20Q5081S-200x200.jpg,1,1
A4 TECH Q8181S GAMING MOUSE WITH MOUSE PAD,1700,TECHLAND,https://www.techlandbd.com/accessories/shop-computer-mouse/a4tech-q8181s-gaming-mouse-bundle,https://www.techlandbd.com/image/cache/catalog/Gaming%20accessories/Mouse/A4%20TECH/tech%20land%20Q8181S-200x200.jpg,1,1
A4 TECH BLOODY A91 GAMING MOUSE,1900,TECHLAND,https://www.techlandbd.com/accessories/shop-computer-mouse/a4-tech-bloody-a91-gaming-mouse,https://www.techlandbd.com/image/cache/catalog/Mouse/A4%20Tech/Techland-A4%20TECH%20BLOODY%20A91%20GAMING%20MOUSE-200x200.jpg,1,1
RAZER MAMBA 16000 WIRELESS MULTI COLOR ERGONOMIC GAMING MOUSE,12200,TECHLAND,https://www.techlandbd.com/accessories/shop-computer-mouse/razer-mamba-16000-wireless-multi-color,https://www.techlandbd.com/image/cache/catalog/Mouse/Razer/Techland-Razer%20Mamba%2016000%20-%20Wireless%20Multi-color%20Ergonomic%20Gaming%20Mouse-200x200.jpg,1,1
RAZER NAGA EPIC CHROMA WIRELESS MULTI-COLOR MMO GAMING MOUSE,10700,TECHLAND,https://www.techlandbd.com/accessories/shop-computer-mouse/razer-naga-epic-chroma-wireless-mouse,https://www.techlandbd.com/image/cache/catalog/Mouse/Razer/Techland-Razer%20Naga%20Epic%20Chroma%20Wireless%20Multi%20Color%20MMO%20Gaming%20Mouse-200x200.jpg,1,1
RAZER DEATHADDER ESSENTIAL GAMING MOUSE,3900,TECHLAND,https://www.techlandbd.com/accessories/shop-computer-mouse/razer-deathadder-essential-gaming-mouse,https://www.techlandbd.com/image/cache/catalog/Gaming%20accessories/Mouse/Tech%20land%20Razer%20DeathAdder%20Essential-200x200w.png,1,1
RAZER ABYSSUS V2 ESSENTIAL AMBIDEXTROUS GAMING MOUSE,3500,TECHLAND,https://www.techlandbd.com/accessories/shop-computer-mouse/razer-v2-essential-gaming-mouse,https://www.techlandbd.com/image/cache/catalog/Mouse/Razer/Techland-Razer%20Abyssus%20V2%20Essential%20Ambidextrous%20Gaming%20Mouse-200x200.jpg,1,1
RAZER MAMBA ELITE GAMING MOUSE,7000,TECHLAND,https://www.techlandbd.com/accessories/shop-computer-mouse/razer-mamba-elite-mouse,https://www.techlandbd.com/image/cache/catalog/Mouse/Razer/Techland-Razer%20Mamba%20Elite%20Gaming%20Mouse-200x200.jpg,1,1
RAZER DEATHADDER EXPERT ERGONOMIC GAMING MOUSE,4800,TECHLAND,https://www.techlandbd.com/accessories/shop-computer-mouse/razer-deathadder-expert-gaming-mouse,https://www.techlandbd.com/image/cache/catalog/Gaming%20accessories/Mouse/tech%20land%20Razer%20DeathAdder%20Expert%20Ergonomic%20Gaming%20Mouse-200x200.jpg,1,1
RAZER DEATHADDER ELITE ERGONOMIC GAMING MOUSE,4400,TECHLAND,https://www.techlandbd.com/accessories/shop-computer-mouse/razer-deathadder-elite-gaming-mouse,https://www.techlandbd.com/image/cache/catalog/Mouse/Razer/Techland-Razer%20DeathAdder%20Elite%20-%20Ergonomic%20Gaming%20Mouse-200x200.jpg,1,1
RAZER TAIPAN EXPERT AMBIDEXTROUS GAMING MOUSE ,5700,TECHLAND,https://www.techlandbd.com/accessories/shop-computer-mouse/razer-taipan-expert-ambidextrous-gaming-mouse,https://www.techlandbd.com/image/cache/catalog/Mouse/Razer/Techland-Razer%20Taipan%20Expert%20Ambidextrous%20Gaming%20Mouse-200x200.jpg,1,1
RAZER MAMBA HYPERFLUX +FIREFLY WIRELESS GAMING MOUSE ,19500,TECHLAND,https://www.techlandbd.com/accessories/shop-computer-mouse/razer-mamba-hyperflux-gaming-mouse,https://www.techlandbd.com/image/cache/catalog/Gaming%20accessories/Mouse/Techland%20Razer%20Mamba%20HyperFlux%20Wireless%20Gaming%20Mouse-200x200.jpg,1,1
FANTECH W4 2.4G 6 BUTTONS 2400DPI WIRELESS GAMING OPTICAL MOUSE,500,TECHLAND,https://www.techlandbd.com/accessories/shop-computer-mouse/fantech-w4-mouse ,https://www.techlandbd.com/image/cache/catalog/Mouse/FANTECH/techland-Fantech%20W4%20Mouse-200x200.jpg,1,1
FANTECH WG8 2000DPI WIRELESS GAMING MOUSE,550,TECHLAND,https://www.techlandbd.com/accessories/shop-computer-mouse/fantech-wg8-gaming-mouse,https://www.techlandbd.com/image/cache/catalog/Mouse/FANTECH/techland-Fantech%20WG8%20Gaming%20Mouse-200x200.jpg,1,1
FANTECH X14 RGB GAMING MOUSE,1890,TECHLAND,https://www.techlandbd.com/accessories/shop-computer-mouse/fantech-x14-rgb-mouse,https://www.techlandbd.com/image/cache/catalog/Mouse/FANTECH/techland-FANTECH%20X14%20RGB%20Gaming%20Mouse-200x200.jpg,1,1
XIAOMI PORTABLE OPTICAL WIRELESS BLUETOOTH MOUSE,1600,TECHLAND,https://www.techlandbd.com/accessories/shop-computer-mouse/xiaomi-portable-mouse,https://www.techlandbd.com/image/cache/catalog/Mouse/Xiaomi/Techland-Xiaomi-Mi-Wireless-Mouse-200x200.jpg,1,1
XIAOMI MI WIRELESS 1200DPI MOUSE -WHITE,0000,TECHLAND,https://www.techlandbd.com/accessories/shop-computer-mouse/mi-wireless-mouse,https://www.techlandbd.com/image/cache/catalog/Mouse/Xiaomi/mi-mouse2-white-min-200x200.jpg,1,1
XIAOMI WIRELESS RGB GAMING MOUSE,3900,TECHLAND,https://www.techlandbd.com/accessories/shop-computer-mouse/xiaomi-mi-gaming-mouse,https://www.techlandbd.com/image/cache/catalog/Mouse/Xiaomi/techland-xiaomi-gaming-mouse-200x200.jpg,1,1
FANTECH KNIGHT X6 GAMING MOUSE,1599,TECHLAND,https://www.techlandbd.com/accessories/shop-computer-mouse/fantech-x6-mouse,https://www.techlandbd.com/image/cache/catalog/Mouse/FANTECH/tecland-Fantech%20KNIGHT%20X6%20Gaming%20Mouse-min-200x200.jpg,1,1
LOGITECH M235 WIRELESS MOUSE ,1250,TECHLAND,https://www.techlandbd.com/accessories/shop-computer-mouse/logitech-m235-wireless-mouse ,https://www.techlandbd.com/image/cache/catalog/Mouse/Logitech/techland-Logitech%20M235%20WIRELESS%20MOUSE-200x200w.png,1,1
COUGAR 700M SUPERIOR LASER GAMING MOUSE,4499,TECHLAND,https://www.techlandbd.com/accessories/shop-computer-mouse/cougar-mouse-700m-superior,https://www.techlandbd.com/image/cache/catalog/Mouse/Cougar/techland-Cougar%20Mouse%20700M%20Superior%20Laser%20Gaming%20Mouse-200x200w.jpg,1,1
GIGABYTE GK-KM6150 KEYBOARD AND MOUSE COMBO,800,TECHLAND,https://www.techlandbd.com/accessories/shop-computer-mouse/gigabyte-gk-km6150-keyboard-mouse-combo,https://www.techlandbd.com/image/cache/catalog/Keyboard/Gigabyte/techland-GIGABYTE%20GK-KM6150%20Keyboard-200x200.jpg,1,1
GAMDIAS GKC6000 ARES ESSENTIAL KEYBOARD MOUSE GAMING COMBO,1950,TECHLAND,https://www.techlandbd.com/accessories/shop-computer-mouse/gamdias-gkc6000-keyboard-mouse-combo,https://www.techlandbd.com/image/cache/catalog/Keyboard/Gamdias/techland-Gamdias%20GKC6000%20ARES-min-200x200.jpg,1,1
LOGITECH MX ANYWHERE 2S WIRELESS MOUSE,6500,TECHLAND,https://www.techlandbd.com/accessories/shop-computer-mouse/logitech-mx-anywhere-2-wireless-mouse,https://www.techlandbd.com/image/cache/catalog/Mouse/Logitech/techland-LOGITECH%20MX%20ANYWHERE%202S-min-200x200w.png,1,1
LOGITECH G402 HYPERION FURY FPS UITRA FAST GAMING MOUSE,3500,TECHLAND,https://www.techlandbd.com/accessories/shop-computer-mouse/logitech-g402-hyperion-fury-gaming-mouse,https://www.techlandbd.com/image/cache/catalog/Mouse/Logitech/techland-Logitech%20G402%20Hyperion%20Fury-200x200.jpg,1,1
HAVIT MS809 OPTICAL GAMING MOUSE,700,TECHLAND,https://www.techlandbd.com/accessories/shop-computer-mouse/havit-ms809-optical-mouse,https://www.techlandbd.com/image/cache/catalog/Mouse/Havit/techland-HAVIT%20MS809-min-200x200.jpg,1,1
HAVIT HV-KB653GCM WIRELESS KEYBOARD AND MOUSE,1150,TECHLAND,https://www.techlandbd.com/accessories/shop-computer-mouse/havit-hv-kb653gcm-keyboard-mouse,https://www.techlandbd.com/image/cache/catalog/Mouse/Havit/techland-KB653GCM-min-200x200.jpg,1,1
HAVIT HV-MS762 PROGRAMMABLE GAMING MOUSE,1025,TECHLAND,https://www.techlandbd.com/accessories/shop-computer-mouse/havithv-ms745-gaming-mouse,https://www.techlandbd.com/image/cache/catalog/Mouse/Havit/techland-HAVIT%20HV-MS762-min-200x200.jpg,1,1
HAVIT HV-MS625GT WIRELESS MOUSE,350,TECHLAND,https://www.techlandbd.com/accessories/shop-computer-mouse/havit-hv-ms625gt-wireless-mouse,https://www.techlandbd.com/image/cache/catalog/Mouse/Havit/techland-w%20mouse-min-200x200.jpg,1,1
HAVIT HV-MS62GT WIRELESS MOUSE,600,TECHLAND,https://www.techlandbd.com/accessories/shop-computer-mouse/havit-hv-ms6gt-wireless-mouse,https://www.techlandbd.com/image/cache/catalog/Mouse/Havit/techland-HAVIT%20MS622GT-200x200.jpg,1,1
HAVIT HV-MS56GT WIRELESS MOUSE,450,TECHLAND,https://www.techlandbd.com/accessories/shop-computer-mouse/havit-hv-ms56gt-wireless-mouse,https://www.techlandbd.com/image/cache/catalog/Mouse/Havit/techland-HAVIT%20HV-MS56GT-min%20(1)-200x200.jpg,1,1
COUGAR 700M LASER ESPORTS GAMING MOUSE,4200,TECHLAND,https://www.techlandbd.com/accessories/shop-computer-mouse/cougar-700m-laser-esports-gaming-mouse,https://www.techlandbd.com/image/cache/catalog/Mouse/Cougar/techland-COUGAR%20700M%20Laser%20eSports%20gaming%20mouse-min-200x200w.png,1,1
GAMDIAS GKC1002 HERMES LITE MECHANICAL KEYBOARD WITH MOUSE COMBO ,4200,TECHLAND,https://www.techlandbd.com/accessories/shop-computer-mouse/gamdias-hermes-lite-keyboard-mouse-combo,https://www.techlandbd.com/image/cache/catalog/Accessories/Gamdias/techland-GAMDIAS%20GKC1002-200x200.jpg,1,1
GAMDIAS HERMES E1A KEYBOARD MOUSE WITH MOUSE MAT COMBO ,0000,TECHLAND,https://www.techlandbd.com/accessories/shop-computer-mouse/gamdias-hermas-e1a-combo,https://www.techlandbd.com/image/cache/catalog/Accessories/Gamdias/techland-GAMDIAS%20HERMES%20E1-200x200.jpg,1,1
GAMDIAS ARES M1 GAMING COMBO WITH BACKLIT KEYBOARD & ZEUS E2 MOUSE,2300,TECHLAND,https://www.techlandbd.com/accessories/shop-computer-mouse/gmadias-ares-m1-gaming-combo ,https://www.techlandbd.com/image/cache/catalog/Accessories/Gamdias/Techland-Gamdias%20ARES%207%20Color%20ESSENTICAL%20Combo-200x200.jpg,1,1
GAMDIAS ZEUS P1 12000 DPI RGB OPTICAL GAMING MOUSE,3200,TECHLAND,https://www.techlandbd.com/accessories/shop-computer-mouse/gamdias-zeus-p1-optical-mouse,https://www.techlandbd.com/image/cache/catalog/Mouse/Gamdias/techland-zeus%20p1-min-200x200w.png,1,1
GAMDIAS ZEUS E2RGB OPTICAL GAMING MOUSE WITH MOUSE PAD,1100,TECHLAND,https://www.techlandbd.com/accessories/shop-computer-mouse/gamdias-zeus-e2-optical-mouse,https://www.techlandbd.com/image/cache/catalog/Mouse/Gamdias/techland-Gamdias%20Zeus%20E2RGB-min-200x200w.jpg,1,1
GAMDIAS ZEUS E1A OPTICAL GAMING MOUSE,2200,TECHLAND,https://www.techlandbd.com/accessories/shop-computer-mouse/gamdias-zeus-e1a-gaming-mouse,https://www.techlandbd.com/image/cache/catalog/Mouse/Gamdias/techland-zasus%20e1a-200x200.jpg,1,1
GAMDIAS ZEUS M1 OPTICAL 8 KEYS DOUBLE RGB STREAMING LIGHT GAMING MOUSE ,3000,TECHLAND,https://www.techlandbd.com/accessories/shop-computer-mouse/ZEUS-M1-RGB,https://www.techlandbd.com/image/cache/catalog/Accessories/Gamdias/techland-ZEUS_M1_RGB-200x200.jpg,1,1
GAMDIAS GKC6011 ARES 7 COLOR BACKLIT RGB MEMBRANE GAMING COMBO KEYBOARD,2750,TECHLAND,https://www.techlandbd.com/accessories/shop-computer-mouse/gamdias-gkc6011,https://www.techlandbd.com/image/cache/catalog/Accessories/Gamdias/Techland-gamdis-200x200.jpg,1,1
GAMDIAS DEMETER E1 6 BUTTONS GAMING MOUSE,850,TECHLAND,https://www.techlandbd.com/accessories/shop-computer-mouse/GAMDIAS-Demeter-E1-6-Buttons-Gaming-Mouse,https://www.techlandbd.com/image/cache/catalog/Accessories/Power%20Supply%20/Techland-GAMDIAS%20Demeter%20E1%206%20Buttons%20Gaming%20Mouse-200x200w.jpg,1,1
LOGITECH M187 ULTRA PORTABLE WIRELESS MOUSE ,1050,TECHLAND,https://www.techlandbd.com/accessories/shop-computer-mouse/logitech-m187-ultra-portable-wireless-mouse,https://www.techlandbd.com/image/cache/catalog/Mouse/Logitech/Techland-Logitech%20M187-200x200h.jpg,1,1
BENQ ZOWIE FK1 E-SPORTS AMBIDEXTROUS OPTICAL GAMING MOUSE,4899,TECHLAND,https://www.techlandbd.com/accessories/shop-computer-mouse/benq-zowie-fk1-optical-gaming-mouse,https://www.techlandbd.com/image/cache/catalog/Accessories/Benq/techland-BenQ%20Zowie%20FK1%20E-Sports%20Ambidextrous%20Optical%20Gaming%20Mouse-200x200.jpg,1,1
BENQ ZOWIE FK2 E-SPORTS AMBIDEXTROUS OPTICAL GAMING MOUSE,4899,TECHLAND,https://www.techlandbd.com/accessories/shop-computer-mouse/benq-zowie-fk2-optical-gaming-mouse,https://www.techlandbd.com/image/cache/catalog/Accessories/Benq/techland-BenQ%20Zowie%20FK2-200x200.jpg,1,1
BENQ ZOWIE ZA13 E-SPORTS AMBIDEXTROUS OPTICAL GAMING MOUSE,4899,TECHLAND,https://www.techlandbd.com/accessories/shop-computer-mouse/benq-zowie-za13-e-sports-ambidextrous-optical-gaming-mouse,https://www.techlandbd.com/image/cache/catalog/Accessories/Benq/techland-BenQ%20Zowie%20ZA11-200x200.jpg,1,1
BENQ ZOWIE ZA12 E-SPORTS OPTICAL GAMING MOUSE,5300,TECHLAND,https://www.techlandbd.com/accessories/shop-computer-mouse/benq-zowie-za12-e-sports-optical-gaming-mouse,https://www.techlandbd.com/image/cache/catalog/Accessories/Benq/techland-BenQ%20Zowie%20ZA11-200x200.jpg,1,1
BENQ ZOWIE ZA11 E-SPORTS OPTICAL GAMING MOUSE,4899,TECHLAND,https://www.techlandbd.com/accessories/shop-computer-mouse/benq-zowie-za11-e-sports-optical-gaming-mouse,https://www.techlandbd.com/image/cache/catalog/Accessories/Benq/techland-BenQ%20Zowie%20ZA11-200x200.jpg,1,1
BENQ ZOWIE EC2-B ERGONOMIC GAMING MOUSE,0000,TECHLAND,https://www.techlandbd.com/accessories/shop-computer-mouse/benq-zowie-ec2-b-ergonomic-gaming-mouse,https://www.techlandbd.com/image/cache/catalog/Accessories/Benq/techland-ZOWIE%20EC1-B%20Gamming%20Mouse-200x200.png,1,1
FANTECH X9 THOR USB GAMING MOUSE,850,TECHLAND,https://www.techlandbd.com/accessories/shop-computer-mouse/FANTECH-X9-THOR-USB-GAMING-MOUSE,https://www.techlandbd.com/image/cache/catalog/Mouse/FANTECH/Offer/fantech-x9-thor-rgb-gaming-mouse-cash-back-offer-200x200.jpg,1,1
FANTECH W188 WIRELESS MOUSE,550,TECHLAND,https://www.techlandbd.com/accessories/shop-computer-mouse/fantech-w188-wireless-mouse,https://www.techlandbd.com/image/cache/catalog/Mouse/FANTECH/fantech%20w188%20copie-200x200h.jpg,1,1
FANTECH X13 USB WIRED GAMING MOUSE,1300,TECHLAND,https://www.techlandbd.com/accessories/shop-computer-mouse/fantech-x13-usb-Wired-gaming-mouse,https://www.techlandbd.com/image/cache/catalog/mouse/Fantech/fantech-x13-usb-wired-gaming-mouse-7-button%20copie-200x200h.jpg,1,1
FANTECH KAEL V2 FULL FUNCTION GAMING MOUSE,650,TECHLAND,https://www.techlandbd.com/accessories/shop-computer-mouse/fantech-v2-kael-wired-gaming-mouse,https://www.techlandbd.com/image/cache/catalog/Mouse/FANTECH/fantech-v2-kael-2400-dpi-led-optical-6d-usb-wired-gaming-mouse-200x200h.jpg,1,1
FANTECH X5 4800DPI USB OPTICAL GAMING MOUSE,1050,TECHLAND,https://www.techlandbd.com/accessories/shop-computer-mouse/Fantech-X5-USB-Wired-4800dpi-Optical-Gaming-Mouse,https://www.techlandbd.com/image/cache/catalog/Mouse/FANTECH/Fantech%20X5%204800dpi-200x200h.jpg,1,1
COUGAR MINOS X2 WIRED 3000 DPI USB OPTICAL GAMING MOUSE,1200,TECHLAND,https://www.techlandbd.com/accessories/shop-computer-mouse/cougar-minos-x2-gaming-mouse,https://www.techlandbd.com/image/cache/catalog/Gaming%20accessories/Cougar/couger%20-200x200w.jpg,1,1
GENIUS X-G600 BLACK GAMING MOUSE,1650,TECHLAND,https://www.techlandbd.com/accessories/shop-computer-mouse/genius-x-g600-gaming-mouse,https://www.techlandbd.com/image/cache/catalog/Mouse/Genius/Genius%20X-G600%20Black%20Gaming%20Mouse-200x200w.jpg,1,1
GENIUS NX-7000WIRELESS MOUSE ,750,TECHLAND,https://www.techlandbd.com/accessories/shop-computer-mouse/Genius-NX-7000-Precision-Mouse,https://www.techlandbd.com/image/cache/catalog/Mouse/Genius/Genius%20NX-7000-200x200w.jpg,1,1
GENIUS DX-130 USB MOUSE ,350,TECHLAND,https://www.techlandbd.com/accessories/shop-computer-mouse/Genius-DX-130-Mouse-USB-Black,https://www.techlandbd.com/image/cache/catalog/Mouse/Genius/Genius%20DX-130-200x200w.jpg,1,1
FANTECH X7 BLAST RGB GAMING MOUSE,700,TECHLAND,https://www.techlandbd.com/accessories/shop-computer-mouse/fantech-x7-blast-rgb-mouse,https://www.techlandbd.com/image/cache/catalog/Gaming%20accessories/FANTECH/FANTECH-X7-Macro-RGB-Mouse-4800DPI-Optical-6D-USB-Wired-Gaming-Mouse-Pro-Gamer-Computer-Ergonomics-200x200h.jpg,1,1
FANTECH VARUS X3 7D GAMING MOUSE,1500,TECHLAND,https://www.techlandbd.com/accessories/shop-computer-mouse/fantech-varus-x3-7d-gaming-mouse,https://www.techlandbd.com/image/cache/catalog/Gaming%20accessories/FANTECH/fantech-varus-x3-7d-gaming-mouse-200x200w.jpg,1,1
FANTECH DAREDEVIL X11 GAMING MOUSE,2200,TECHLAND,https://www.techlandbd.com/accessories/shop-computer-mouse/fantech-daredevil-x11-gaming-mouse,https://www.techlandbd.com/image/cache/catalog/Gaming%20accessories/Mouse/fantech%20x11.jpg%20bb-200x200w.jpg,1,1
FANTECH W4 2000DPI WIRELESS GAMING MOUSE,500,TECHLAND,https://www.techlandbd.com/accessories/shop-computer-mouse/fantech-w4-wireless gaming mouse,https://www.techlandbd.com/image/cache/catalog/Mouse/FANTECH/FANTECH%20W4%202000DPI%20Wireless%20Gaming%20mouse-200x200w.jpg,1,1
MOTOSPEED V40 ELECTRON OPTICAL USB GAMING MOUSE,1350,TECHLAND,https://www.techlandbd.com/accessories/shop-computer-mouse/motospeed-v40-gaming-mouse,https://www.techlandbd.com/image/cache/catalog/Mouse/Motospeed/V40/motospeed-V40-Gaming-Mouse-price-in-bd-200x200h.png,1,1
MOTOSPEED V10 USB RGB GAMING MOUSE ,1450,TECHLAND,https://www.techlandbd.com/accessories/shop-computer-mouse/motospeed-v10-4000dpi-gaming-mouse,https://www.techlandbd.com/image/cache/catalog/Mouse/Motospeed/V10/Motospeed-V10-USB-RGB-Gaming-Mouse-price-in-bangladesh-200x200h.png,1,1
FANTECH X8 USB WIRED 4000DPI 6 BUTTONS OPTICAL GAMING MOUSE WITH LED BACKLIGHT,1800,TECHLAND,https://www.techlandbd.com/accessories/shop-computer-mouse/Fantech-X8-Gaming-Mouse,https://www.techlandbd.com/image/cache/catalog/Mouse/Fantech%20X8%20USB%20Wired%204000dpi%206%20Buttons%20Optical%20Gaming%20Mouse-200x200w.jpg,1,1
COUGAR MINOS X3 OPTICAL GAMING MOUSE ERGONOMIC USB WIRED MICE FOR GAMERS,1850,TECHLAND,https://www.techlandbd.com/accessories/shop-computer-mouse/minos-x3-optical-gaming-mouse,https://www.techlandbd.com/image/cache/catalog/mouse/Cougar/Cougar%20Minos%20X3%20Optical%20Gaming%20Mouse-200x200w.jpg,1,1
RAZER MAMBA TOURNAMENT EDITION ESPORT GAMING MOUSE ,6250,TECHLAND,https://www.techlandbd.com/accessories/shop-computer-mouse/razer-mamba-tournament-edition-mouse,https://www.techlandbd.com/image/cache/catalog/mouse/Razer/Razer%20Mamba%20Tournament%20Edition%20Ergonomic%20Gaming%20Mouse-200x200w.jpg,1,1
RAPOO V210 RGB OPTICAL GAMING MOUSE,1450,TECHLAND,https://www.techlandbd.com/accessories/shop-computer-mouse/rapoo-v210-mouse,https://www.techlandbd.com/image/cache/catalog/mouse/Rapoo/rapoo-v210-gaming-mouse-200x200w.jpg,1,1
RAPOO V16 VPRO GAMING OPTICAL MOUSE,949,TECHLAND,https://www.techlandbd.com/accessories/shop-computer-mouse/rapoo-vpro-v16-gaming-mouse,https://www.techlandbd.com/image/cache/catalog/mouse/Rapoo/rapoo-vpro-v16-gaming-mouse-200x200w.jpg,1,1
RAPOO 3100P 5GHZ WIRELESS OPTICAL MOUSE,1190,TECHLAND,https://www.techlandbd.com/accessories/shop-computer-mouse/Rapoo-3100P-Wireless-Optical-Mouse,https://www.techlandbd.com/image/cache/catalog/mouse/Rapoo/Rapoo-3100P-Wireless-Optical-Mouse-200x200w.jpg,1,1
LOGITECH G403 OPTICAL GAMING CORDED MOUSE WITH HIGH PERFORMANCE GAMING SENSOR,6500,TECHLAND,https://www.techlandbd.com/accessories/shop-computer-mouse/logitech-g403-gaming-mouse,https://www.techlandbd.com/image/cache/catalog/mouse/Logitech/logitech-g403-gaming-mouse-200x200w.jpg,1,1
LOGITECH G90 OPTICAL GAMING MOUSE,1600,TECHLAND,https://www.techlandbd.com/accessories/shop-computer-mouse/logitech-g90-gaming-mouse,https://www.techlandbd.com/image/cache/catalog/mouse/Logitech/logitech-g90-gaming-mouse-200x200w.jpg,1,1
LOGITECH G302 DAEDALUS PRIME MOBA 6 BUTTONS GAMING MOUSE,2999,TECHLAND,https://www.techlandbd.com/accessories/shop-computer-mouse/logitech-g302-gaming-mouse,https://www.techlandbd.com/image/cache/catalog/mouse/Logitech/logitech-g302-gaming-mouse-200x200w.jpg,1,1
LOGITECH G102 PRODIGY OPTICAL GAMING MOUSE,1900,TECHLAND,https://www.techlandbd.com/accessories/shop-computer-mouse/logitech-g102-gaming-mouse,https://www.techlandbd.com/image/cache/catalog/mouse/Logitech/logitech-g102-gaming-mouse-200x200w.jpg,1,1
LOGITECH G502 | PROTEUS SPECTRUM RGB TUNABLE GAMING MOUSE,8000,TECHLAND,https://www.techlandbd.com/accessories/shop-computer-mouse/logitech-g502-proteus-spectrum-rgb-gaming-mouse,https://www.techlandbd.com/image/cache/catalog/mouse/Logitech/logitech-g502-proteus-spectrum-rgb-gaming-mouse-200x200w.jpg,1,1
A4TECH BLOODY A91 OPTIC MICRO SWITCH GAMING MOUSE,1800,TECHLAND,https://www.techlandbd.com/accessories/shop-computer-mouse/a4-tech-bloody-a91-mouse,https://www.techlandbd.com/image/cache/catalog/mouse/A4-tech/a4-tech-bloody-a91-mouse-200x200w.jpg,1,1
A4 TECH V3 | WIRED 3200 DPI BLOODY GAMING MOUSE,1700,TECHLAND,https://www.techlandbd.com/accessories/shop-computer-mouse/bloody-v3m-gaming-mouse,https://www.techlandbd.com/image/cache/catalog/mouse/A4-tech/bloody-v3m-gaming-mouse-200x200w.jpg,1,1
RAPOO 1830 WIRELESS OPTICAL MOUSE & KEYBOARD COMBO,1850,TECHLAND,https://www.techlandbd.com/accessories/shop-computer-mouse/rapoo-1830-mouse-keyboard-combo,https://www.techlandbd.com/image/cache/catalog/Keyboard/Rapoo%20/rapoo-1830-mouse-keyboard-combo-200x200w.jpg,1,1
RAPOO 8200P 5G MULTIMEDIA PROGRAMMABLE WIRELESS KEYBOARD AND MOUSE COMBO,1950,TECHLAND,https://www.techlandbd.com/accessories/shop-computer-mouse/rapoo-8200p-combo,https://www.techlandbd.com/image/cache/catalog/Keyboard/Rapoo%20/rapoo-8200p-combo-200x200w.jpg,1,1
RAPOO WIRELESS 8000 MINI MOUSE & KEYBOARD COMBO,1460,TECHLAND,https://www.techlandbd.com/accessories/shop-computer-mouse/rapoo-wireless-8000-mouse-keyboard-combo,https://www.techlandbd.com/image/cache/catalog/Keyboard/Rapoo%20/rapoo-wireless-8000-mouse-keyboard-combo-200x200w.jpg,1,1
LOGITECH M171 WIRELESS MOUSE,900,TECHLAND,https://www.techlandbd.com/accessories/shop-computer-mouse/logitech-m171-wireless-mouse,https://www.techlandbd.com/image/cache/catalog/mouse/Logitech/logitech-m171-wireless-mouse-200x200h.jpg,1,1
LOGITECH M165 WIRELESS MOUSE,780,TECHLAND,https://www.techlandbd.com/accessories/shop-computer-mouse/logitech-m165-wireless-mouse,https://www.techlandbd.com/image/cache/catalog/mouse/Logitech/logitech-m165-wireless-laser-mouse-200x200.jpg,1,1
HP Z4000 STAR WARS WIRELESS MOUSE,2000,TECHLAND,https://www.techlandbd.com/accessories/shop-computer-mouse/hp-z4000-star-wars-wireless-mouse,https://www.techlandbd.com/image/cache/catalog/mouse/Hp%20Mouse/hp-z4000-star-wars-wireless-mouse-200x200w.jpg,1,1
HP Z3700 WIRELESS MOUSE,825,TECHLAND,https://www.techlandbd.com/accessories/shop-computer-mouse/hp-z3700-wireless-mouse,https://www.techlandbd.com/image/cache/catalog/mouse/Hp%20Mouse/hp-z3700-wireless-mouse-200x200w.jpg,1,1
A4 TECH OP-620D WIRED USB MOUSE,350,TECHLAND,https://www.techlandbd.com/accessories/shop-computer-mouse/a4-tech-op-620d-usb-mouse,https://www.techlandbd.com/image/cache/catalog/mouse/A4-tech/a4-tech-op-620d-usb-mouse--200x200w.jpg,1,1
GENIUS GX MAURUS X GAMING MOUSE,2950,TECHLAND,https://www.techlandbd.com/accessories/shop-computer-mouse/genius-gx-maurus-gaming-mouse,https://www.techlandbd.com/image/cache/catalog/mouse/Genius/genius-gx-maurus-gaming-mouse-200x200w.jpg,1,1
GENIUS X-G300 LED SIX BUTTON GAMING MOUSE,1490,TECHLAND,https://www.techlandbd.com/accessories/shop-computer-mouse/genius-x-g300-gaming-mouse,https://www.techlandbd.com/image/cache/catalog/mouse/Genius/genius-x-g300-gaming-mouse-200x200w.jpg,1,1
HP X1000 WIRED MOUSE,490,TECHLAND,https://www.techlandbd.com/accessories/shop-computer-mouse/hp-x1000-usb-mouse,https://www.techlandbd.com/image/cache/catalog/mouse/Hp%20Mouse/hp-x1000-usb-mouse-200x200w.jpg,1,1
A4TECH BLOODY V3M GAMING MOUSE ,1700,TECHLAND,https://www.techlandbd.com/accessories/shop-computer-mouse/a4tech-bloody-gaming-mouse-v3m,https://www.techlandbd.com/image/cache/catalog/mouse/a4tech-bloody-gaming-mouse-v3m-200x200.jpg,1,1
A4TECH BLOODY A90 GAMING MOUSE ,1900,TECHLAND,https://www.techlandbd.com/accessories/shop-computer-mouse/a4-tech-bloody-gaming-mouse-a90,https://www.techlandbd.com/image/cache/catalog/mouse/a4-tech-bloody-a90-gaming-mouse-200x200.jpg,1,1
HP WIRELESS MOUSE X3000,800,TECHLAND,https://www.techlandbd.com/accessories/shop-computer-mouse/hp-wireless-mouse-x3000,https://www.techlandbd.com/image/cache/catalog/mouse/hp-x3000-wireless-mouse-200x200w.jpg,1,1
HP X500 OPTICAL WIRED USB MOUSE,400,TECHLAND,https://www.techlandbd.com/accessories/shop-computer-mouse/hp-x500-mouse,https://www.techlandbd.com/image/cache/catalog/mouse/hp-x500-wired-mouse-200x200w.jpg,1,1
LOGITECH M105 WIRED MOUSE,500,TECHLAND,https://www.techlandbd.com/accessories/shop-computer-mouse/logitech-m105-mouse-shop,https://www.techlandbd.com/image/cache/catalog/mouse/logitech-m105-mouse-200x200w.jpg,1,1
LOGITECH M90 WIRED USB MOUSE,400,TECHLAND,https://www.techlandbd.com/accessories/shop-computer-mouse/logitech-m90-mouse,https://www.techlandbd.com/image/cache/catalog/mouse/logitech-m90-mouse-200x200.jpg,1,1
LOGITECH B100 OPTICAL USB MOUSE,400,TECHLAND,https://www.techlandbd.com/accessories/shop-computer-mouse/logitech-b100-mouse,https://www.techlandbd.com/image/cache/catalog/mouse/logitech-b100-mouse-200x200.jpg,1,1
